realization;time;Energy;Enery_x;Energy_y;Energy_z;Xemit_x;cell_vol
0;0;0;0;0;0;0;5797443.781
0;328.17;4.228498241;1.433679326;1.394307088;1.400511827;0.0002411998796;5797443.781
0;656.34;16.91971965;5.739496464;5.581678907;5.598544275;0.0004825929875;5793436.577
0;984.51;38.06968471;12.92029318;12.56465877;12.58473276;0.0007240581839;5793444.81
0;1312.68;67.63347381;22.95925661;22.32718641;22.34703079;0.0009651909786;5793450.556
0;1640.85;104.506984;35.48133658;34.51702983;34.50861758;0.001199872964;5793458.825
0;1969.02;147.7401868;50.19151624;48.80117806;48.74749254;0.001427064229;5793444.145
0;2297.19;197.1938171;66.98604656;65.1667353;65.04103521;0.001648604859;5794391.808
0;2625.36;252.8394654;85.87434889;83.51095945;83.45415705;0.001866584019;5793580.693
0;2953.53;314.661786;106.9068445;103.9262449;103.8286967;0.002082645287;5794512.465
0;3281.7;382.5937463;130.0119914;126.2732162;126.3085387;0.002296696996;5793819.245
0;3609.87;456.5370429;155.1310117;150.7612747;150.6447565;0.002508751317;5794277.232
0;3938.04;536.4182986;182.2458868;177.1655822;177.0068296;0.002719148524;5794260.902
0;4266.21;622.0994489;211.3380705;205.5155965;205.2457818;0.00292817797;5794595.727
0;4594.38;713.4610632;242.450871;235.6654812;235.344711;0.003136355844;5793785.719
0;4922.55;810.3238802;275.3151438;267.7053573;267.3033791;0.003342184993;5794525.018
0;5250.72;912.5467935;310.1211392;301.3420459;301.0836085;0.003547158939;5794397.933
0;5578.89;1019.869947;346.5395023;336.888212;336.4422325;0.003749662537;5794759.002
0;5907.06;1132.102314;384.5595882;374.1102001;373.4325254;0.003950038822;5794738.626
0;6235.23;1249.083749;424.1660146;412.9385612;411.9791737;0.00414847462;5795006.562
0;6563.4;1370.595747;465.4410247;453.1125505;452.0421723;0.004345673468;5795419.164
0;6891.57;1496.366005;508.0422259;494.8703082;493.4534704;0.004540269392;5796071.746
0;7219.74;1626.222131;552.0989483;537.7699371;536.3532453;0.004733036503;5794409.699
0;7547.91;1759.943872;597.4359532;581.9875005;580.5204178;0.004923539218;5795006.928
0;7876.08;1897.170049;644.2398143;627.3094853;625.6207493;0.005112804856;5795538.94
0;8204.25;2037.660786;691.855574;673.7187112;672.086501;0.0052984084;5795663.468
0;8532.42;2181.19469;740.9508508;720.7747375;719.4691021;0.005483231372;5795937.461
0;8860.59;2327.42548;790.8205794;769.0206455;767.5842551;0.005664825003;5795588.181
0;9188.76;2476.046962;841.1265914;818.2081321;816.7122384;0.005842288965;5795308.311
0;9516.93;2626.805684;892.2492705;867.9031176;866.6532954;0.006017370868;5795858.463
0;9845.1;2779.386394;943.9134531;918.4353889;917.0375515;0.00618930904;5794860.189
0;10173.27;2933.510323;996.2382064;969.2604093;968.0117076;0.00635871802;5794667.858
0;10501.44;3088.936564;1049.216358;1020.591432;1019.128774;0.006525757149;5792899.996
0;10829.61;3245.329087;1102.117647;1072.382206;1070.829234;0.00668834268;5794730.139
0;11157.78;3402.471482;1155.197971;1124.434583;1122.838928;0.006847666579;5792824.987
0;11485.95;3559.998702;1208.816599;1176.543596;1174.638506;0.00700497988;5794714.537
0;11814.12;3717.552189;1262.482969;1228.536744;1226.532476;0.007158991034;5792388.451
0;12142.29;3874.871157;1315.893237;1280.323291;1278.654629;0.007309122604;5794819.44
0;12470.46;4031.674088;1369.277075;1331.866597;1330.530416;0.007456225771;5792721.304
0;12798.63;4187.691128;1422.131336;1383.224193;1382.335599;0.007599093154;5794637.818
0;13126.8;4342.650037;1474.846706;1434.265396;1433.537936;0.007738956886;5793062.199
0;13454.97;4496.275453;1526.824614;1485.03832;1484.41252;0.00787456353;5795184.566
0;13783.14;4648.217704;1577.91737;1535.430827;1534.869507;0.008005421366;5794260.86
0;14111.31;4798.331646;1628.689355;1584.811629;1584.830663;0.008133439887;5794261.81
0;14439.48;4946.373451;1678.593113;1634.077528;1633.702809;0.008257361117;5793435.263
0;14767.65;5092.135014;1727.57811;1682.223338;1682.333566;0.008377363478;5793850.483
0;15095.82;5235.451581;1776.216078;1729.26415;1729.971353;0.008494865607;5789787.727
0;15423.99;5375.981573;1823.335312;1775.445222;1777.20104;0.008607109159;5789951.295
0;15752.16;5513.396982;1869.842417;1820.626389;1822.928176;0.008716595617;5789427.329
0;16080.33;5647.542012;1915.120883;1865.063143;1867.357986;0.008822140027;5789812.937
0;16408.5;5778.269994;1958.941039;1908.220494;1911.108461;0.008922944975;5789246.379
0;16736.67;5905.455957;2001.749199;1950.294357;1953.412401;0.009020411239;5789744.49
0;17064.84;6028.823313;2043.569227;1990.722931;1994.531155;0.009114627799;5789080.236
0;17393.01;6148.193792;2083.74161;2029.802196;2034.649987;0.009204296837;5789691.715
0;17721.18;6263.398897;2122.598364;2068.380262;2072.420271;0.009290048912;5788469.327
0;18049.35;6374.312201;2160.222596;2104.928544;2109.161061;0.009372468809;5788556.679
0;18377.52;6480.844794;2196.009915;2139.913035;2144.921844;0.009450398377;5787254.712
0;18705.69;6582.91591;2230.162127;2173.469751;2179.284032;0.009524316061;5788462.555
0;19033.86;6680.423413;2262.961308;2205.50119;2211.960916;0.009594500576;5785699.714
0;19362.03;6773.85737;2293.432887;2236.575481;2243.849003;0.009660263414;5756524.139
0;19690.2;6863.152583;2322.239879;2266.50937;2274.403334;0.009722278775;5755587.24
0;20018.37;6947.602736;2349.463027;2295.082173;2303.057535;0.009780667448;5756678.694
0;20346.54;7027.097106;2374.55325;2322.751604;2329.792252;0.009834167535;5755669.58
0;20674.71;7101.605649;2397.801837;2347.971434;2355.832379;0.009883864789;5758300.404
0;21002.88;7171.160348;2419.676335;2372.110752;2379.373261;0.009929930676;5755826.998
0;21331.05;7235.728617;2439.713085;2394.027306;2401.988225;0.009972996622;5758184.976
0;21659.22;7295.290829;2458.452166;2413.756267;2423.082396;0.01001278115;5756060.055
0;21987.39;7349.952775;2475.569272;2432.600651;2441.782852;0.01004914667;5758180.636
0;22315.56;7399.684295;2490.026808;2450.236363;2459.421124;0.01008048476;5756300.869
0;22643.73;7444.506167;2503.392422;2465.761944;2475.351801;0.01010924107;5757804.32
0;22971.9;7484.470317;2514.839628;2479.866836;2489.763852;0.01013356452;5756098.32
0;23300.07;7519.997705;2525.396742;2491.199107;2503.401856;0.01015636528;5742562.397
0;23628.24;7551.192276;2534.289973;2501.655345;2515.246958;0.01017631547;5739847.773
0;23956.41;7577.705454;2542.066581;2510.445331;2525.193541;0.01019347752;5742277.751
0;24284.58;7599.663571;2547.974003;2517.726071;2533.963497;0.01020709052;5740193.598
0;24612.75;7617.312275;2552.53168;2523.586136;2541.194458;0.01021827388;5742210.149
0;24940.92;7630.776836;2555.814219;2527.95865;2547.003966;0.01022660815;5740232.09
0;25269.09;7640.183966;2557.703978;2530.9155;2551.564489;0.01023179154;5742088.762
0;25597.26;7645.72068;2557.948743;2532.959607;2554.812329;0.01023396469;5740788.857
0;25925.43;7647.471958;2556.712373;2533.440292;2557.319294;0.01023313658;5741199.033
0;26253.6;7645.532827;2554.406456;2533.111292;2558.015078;0.01023024096;5740894.785
0;26581.77;7640.184221;2551.446189;2530.692988;2558.045045;0.01022654948;5741186.992
0;26909.94;7631.595781;2547.075191;2527.951634;2556.568956;0.01021976687;5741046.054
0;27238.11;7619.911229;2541.894755;2524.716982;2553.299491;0.01021135089;5741092.672
0;27566.28;7605.315637;2535.817848;2519.855275;2549.642514;0.0102004989;5741178.384
0;27894.45;7588.025908;2528.496235;2513.834759;2545.694914;0.01018821877;5740930.414
0;28222.62;7568.314277;2520.475505;2507.362939;2540.475833;0.01017360126;5741391.784
0;28550.79;7546.318008;2511.717747;2499.721102;2534.879159;0.01015727633;5741067.961
0;28878.96;7522.229149;2502.791466;2491.482659;2527.955024;0.0101406149;5739629.576
0;29207.13;7496.296767;2493.645607;2482.629068;2520.022091;0.01012340228;5741591.968
0;29535.3;7468.752503;2483.351836;2474.207216;2511.193452;0.01010443976;5739632.182
0;29863.47;7439.759474;2473.401552;2464.232635;2502.125287;0.0100854069;5742313.208
0;30191.64;7409.607092;2462.739989;2453.850739;2493.016364;0.01006545358;5729336.04
0;30519.81;7378.46927;2452.424201;2442.692474;2483.352595;0.01004691707;5732777.109
0;30847.98;7346.515778;2440.893186;2431.722047;2473.900544;0.01002557093;5728581.25
0;31176.15;7313.959862;2429.919943;2420.171242;2463.868677;0.01000483294;5732656.43
0;31504.32;7280.884644;2418.67407;2408.771413;2453.439162;0.009983894321;5729715.453
0;31832.49;7247.514899;2407.637633;2396.993874;2442.883392;0.009963455565;5731804.191
0;32160.66;7214.087361;2395.671593;2385.635773;2432.779996;0.00994007804;5728466.604
0;32488.83;7180.799698;2383.898904;2373.103011;2423.797783;0.00991736932;5731824.678
0;32817;7147.796362;2372.354088;2361.747206;2413.695068;0.009894567682;5728645.151
0;33145.17;7115.261354;2360.743282;2350.712585;2403.805487;0.009871897433;5732007.795
0;33473.34;7083.3846;2349.696732;2339.787986;2393.899881;0.00985024328;5728464.631
0;33801.51;7052.374034;2339.381668;2329.391479;2383.600887;0.009830558857;5731972.789
0;34129.68;7022.368786;2328.819464;2319.527137;2374.022185;0.009809276932;5728360.096
0;34457.85;6993.531805;2318.926508;2309.365033;2365.240264;0.009789848208;5731859.374
0;34786.02;6965.936634;2310.137697;2299.736825;2356.062112;0.009773211268;5728786.069
0;35114.19;6939.693197;2300.77657;2290.865992;2348.050635;0.009755419503;5731628.764
0;35442.36;6914.92338;2292.612065;2282.837592;2339.473724;0.009739843672;5728853.971
0;35770.53;6891.749576;2285.080509;2274.97042;2331.698648;0.009725594544;5731541.786
0;36098.7;6870.251635;2278.079647;2268.018789;2324.153199;0.009712338115;5728721.031
0;36426.87;6850.52773;2271.373327;2261.271779;2317.882623;0.009699833487;5731542.464
0;36755.04;6832.701146;2266.001863;2254.853447;2311.845836;0.009689374607;5728867.442
0;37083.21;6816.832014;2259.796991;2250.244644;2306.790379;0.009677510741;5731813.972
0;37411.38;6802.938633;2254.973526;2245.169314;2302.795794;0.009668863058;5728778.155
0;37739.55;6791.065796;2250.829782;2240.93814;2299.297874;0.009661607009;5730024.998
0;38067.72;6781.280293;2247.899198;2237.371278;2296.009817;0.009657085481;5730541.394
0;38395.89;6773.615663;2245.646667;2235.177146;2292.79185;0.009653358011;5730258.109
0;38724.06;6768.031996;2243.736239;2233.511042;2290.784716;0.00965032927;5730458.457
0;39052.23;6764.503734;2242.858477;2231.670278;2289.974979;0.009650143576;5730091.889
0;39380.4;6763.041489;2242.896438;2230.903827;2289.241225;0.009652152334;5730881.37
0;39708.57;6763.657129;2243.129424;2231.146095;2289.38161;0.009654152078;5730014.453
0;40036.74;6766.300757;2244.476591;2232.048572;2289.775594;0.009658014111;5730855.672
0;40364.91;6770.953531;2245.849366;2233.528628;2291.575537;0.009662651625;5729407.883
0;40693.08;6777.610559;2247.614977;2236.185115;2293.810466;0.009667883458;5732984.399
0;41021.25;6786.17505;2250.663705;2239.855786;2295.655558;0.009676044025;5729942.543
0;41349.42;6796.592756;2253.455979;2244.372608;2298.764169;0.009683524936;5733061.511
0;41677.59;6808.781729;2257.909602;2248.386306;2302.485822;0.009693874904;5729981.51
0;42005.76;6822.688043;2262.656941;2253.52755;2306.503553;0.009705179678;5733679.059
0;42333.93;6838.244832;2268.479859;2258.149045;2311.615928;0.00971909514;5730192.006
0;42662.1;6855.375727;2274.547921;2264.231715;2316.596091;0.009733571586;5733827.592
0;42990.27;6873.906922;2281.175698;2270.546685;2322.184539;0.009748983516;5730128.849
0;43318.44;6893.752433;2288.229867;2277.165229;2328.357337;0.009764963038;5733718.726
0;43646.61;6914.81187;2295.347204;2284.216683;2335.247983;0.0097808586;5730180.876
0;43974.78;6936.921131;2302.520667;2291.521219;2342.879245;0.009796895269;5721867.003
0;44302.95;6959.950504;2310.582548;2299.596144;2349.771812;0.009815372117;5717745.685
0;44631.12;6983.797285;2318.637925;2307.821659;2357.337701;0.009833246724;5718007.08
0;44959.29;7008.332723;2327.040051;2315.511541;2365.781131;0.009852113544;5719416.849
0;45287.46;7033.436167;2335.721259;2323.898325;2373.816583;0.009871629135;5715671.14
0;45615.63;7058.998318;2344.229194;2332.959292;2381.809831;0.009890776505;5718589.456
0;45943.8;7084.857353;2352.842009;2342.554579;2389.460765;0.009909685976;5716226.231
0;46271.97;7110.93133;2361.685668;2351.313497;2397.932165;0.009929149924;5717876.973
0;46600.14;7137.12076;2370.475101;2360.420333;2406.225326;0.009948402348;5716466.842
0;46928.31;7163.231252;2379.51742;2369.843868;2413.869964;0.009968300206;5717998.401
0;47256.48;7189.145637;2388.397569;2378.257131;2422.490937;0.009987643192;5716955.937
0;47584.65;7214.731818;2397.365152;2387.036791;2430.329875;0.01000715706;5717144.586
0;47912.82;7239.843308;2406.185185;2395.547965;2438.110158;0.01002644399;5718115.719
0;48240.99;7264.364501;2415.071618;2403.791169;2445.501713;0.01004571303;5717016.93
0;48569.16;7288.222597;2423.381253;2412.097593;2452.743752;0.01006372645;5718061.007
0;48897.33;7311.257291;2430.831781;2419.852037;2460.573474;0.01007974887;5717089.479
0;49225.5;7333.361898;2437.885146;2427.471122;2468.005629;0.01009495876;5719204.336
0;49553.67;7354.464612;2445.575312;2434.142505;2474.746795;0.01011148419;5717868.388
0;49881.84;7374.455362;2452.425378;2441.205816;2480.824168;0.01012617394;5720236.528
0;50210.01;7393.083308;2458.305893;2447.188307;2487.589108;0.01013883733;5709347.221
0;50538.18;7410.230568;2463.87292;2452.347388;2494.01026;0.01015084333;5713047.541
0;50866.35;7425.882025;2469.357216;2457.598363;2498.926447;0.01016263827;5707312.107
0;51194.52;7439.895935;2473.946278;2462.287046;2503.662611;0.01017260858;5710174.861
0;51522.69;7452.244161;2477.314499;2466.492361;2508.437302;0.01017995894;5708157.222
0;51850.86;7462.770273;2480.132358;2469.946651;2512.691265;0.01018628435;5707108.146
0;52179.03;7471.449324;2482.908581;2472.422118;2516.118626;0.0101923406;5708477.412
0;52507.2;7478.203256;2484.957793;2474.566336;2518.679126;0.01019707562;5704799.576
0;52835.37;7482.938478;2486.759368;2476.082531;2520.096578;0.01020124732;5705190.509
0;53163.54;7485.63853;2487.469426;2477.370387;2520.798717;0.01020304932;5704822.332
0;53491.71;7486.216024;2486.958833;2477.564276;2521.692915;0.01020218462;5700537.134
0;53819.88;7484.654984;2486.688556;2477.213566;2520.752861;0.01020205441;5700143.994
0;54148.05;7480.996291;2485.642066;2476.096843;2519.257381;0.0102002755;5703743.526
0;54476.22;7475.175023;2483.594903;2474.476827;2517.103293;0.01019636256;5703942.189
0;54804.39;7467.236741;2481.199788;2471.444505;2514.592448;0.01019178573;5704322.29
0;55132.56;7457.202108;2477.470015;2468.463745;2511.268348;0.01018456756;5704911.461
0;55460.73;7444.967509;2473.772829;2464.434852;2506.759829;0.01017738816;5704546.825
0;55788.9;7430.540901;2469.489168;2459.295582;2501.756151;0.01016895709;5705152.083
0;56117.07;7413.950175;2463.871433;2453.85569;2496.223053;0.01015771323;5703772.284
0;56445.24;7395.160315;2457.137915;2447.679903;2490.342497;0.01014428985;5705437.276
0;56773.41;7374.210971;2450.218462;2440.287804;2483.704705;0.01013030928;5706358.557
0;57101.58;7351.16778;2442.040579;2432.810793;2476.316408;0.01011374462;5709151.619
0;57429.75;7326.075734;2433.48074;2424.542528;2468.052466;0.01009629333;5712232.384
0;57757.92;7298.864818;2424.622334;2415.154334;2459.08815;0.0100783323;5705349.719
0;58086.09;7269.683579;2414.886106;2405.586482;2449.210991;0.01005852366;5708384.925
0;58414.26;7238.67321;2404.675626;2394.83042;2439.167165;0.0100375724;5712002.733
0;58742.43;7205.85278;2393.861579;2383.397674;2428.593526;0.01001538512;5714106.04
0;59070.6;7171.294044;2381.812962;2371.424814;2418.056267;0.009990545255;5718589.665
0;59398.77;7134.965459;2369.488635;2359.541163;2405.93566;0.009964870662;5713292.958
0;59726.94;7097.013875;2356.62556;2346.561554;2393.826761;0.009938060991;5716630.597
0;60055.11;7057.620253;2342.904999;2333.825574;2380.889681;0.009909406039;5716837.182
0;60383.28;7016.749415;2328.713398;2320.554506;2367.481511;0.009879531071;5712629.053
0;60711.45;6974.54599;2314.274141;2306.825355;2353.446494;0.009849111351;5714821.361
0;61039.62;6931.105107;2299.700744;2292.192429;2339.211935;0.009818361342;5713312.721
0;61367.79;6886.496856;2284.647473;2277.172615;2324.676767;0.009786525166;5717775.407
0;61695.96;6840.875512;2268.69292;2262.226569;2309.956023;0.009752550319;5718373.431
0;62024.13;6794.330103;2252.661814;2247.248282;2294.420007;0.009718258197;5722636.519
0;62352.3;6746.916437;2235.837993;2231.860983;2279.217461;0.009682199706;5720985.073
0;62680.47;6698.738765;2219.075826;2215.965408;2263.697531;0.009645992192;5720930.198
0;63008.64;6649.996017;2202.489991;2199.783401;2247.722625;0.009610200986;5725674.984
0;63336.81;6600.732437;2185.580959;2183.166278;2231.9852;0.0095734519;5724785.614
0;63664.98;6550.969272;2168.730974;2166.71941;2215.518887;0.009536820667;5722123.706
0;63993.15;6500.936122;2151.919875;2150.602364;2198.413883;0.009499951175;5724246.835
0;64321.32;6450.757846;2135.257608;2133.820918;2181.67932;0.009463269264;5720253.841
0;64649.49;6400.58183;2118.720324;2117.157713;2164.703793;0.009426900696;5725048.697
0;64977.66;6350.556414;2101.631506;2100.864431;2148.060477;0.009389208821;5724538.995
0;65305.83;6300.843104;2084.602982;2084.912959;2131.327163;0.009351606622;5731381.339
0;65634;6251.548252;2068.126291;2068.737723;2114.684238;0.009314861711;5728628.613
0;65962.17;6202.725159;2051.129172;2053.302834;2098.293154;0.00927655562;5732976.012
0;66290.34;6154.550064;2034.776579;2037.666381;2082.107104;0.0092396822;5740473.503
0;66618.51;6107.081967;2019.153998;2021.704757;2066.223212;0.009204475118;5736609.829
0;66946.68;6060.42077;2003.951597;2005.663109;2050.806063;0.009170006207;5739115.631
0;67274.85;6014.748745;1989.081121;1990.613314;2035.054309;0.009136228702;5740479.3
0;67603.02;5970.16869;1974.17696;1976.835403;2019.156326;0.009102133114;5743121.07
0;67931.19;5926.710349;1959.595421;1963.312516;2003.802413;0.009068843809;5740234.114
0;68259.36;5884.440729;1945.541913;1949.455332;1989.443485;0.009036687597;5741295.763
0;68587.53;5843.633093;1931.96985;1936.553038;1975.110205;0.009005431234;5750615.411
0;68915.7;5804.253645;1919.110237;1923.927937;1961.215471;0.008975584562;5747284.828
0;69243.87;5766.405241;1907.286578;1911.657034;1947.461629;0.008948492058;5748097.991
0;69572.04;5730.146586;1895.201692;1900.000712;1934.944182;0.00892043433;5742917.729
0;69900.21;5695.577862;1883.653656;1889.015576;1922.908629;0.008893562126;5751682.706
0;70228.38;5662.850101;1873.442662;1878.353915;1911.053523;0.008869985347;5757011.203
0;70556.55;5631.936342;1863.992419;1868.311837;1899.632085;0.008848035093;5756944.54
0;70884.72;5602.87635;1853.942236;1858.992931;1889.941183;0.008824683181;5757042.986
0;71212.89;5575.699827;1845.172432;1850.774389;1879.753006;0.008804418854;5757148.066
0;71541.06;5550.448965;1837.148203;1843.024099;1870.276662;0.008786110584;5765967.106
0;71869.23;5527.219648;1829.89456;1835.737509;1861.587579;0.008769242789;5762530.538
0;72197.4;5506.08279;1823.027917;1829.224493;1853.83038;0.008752987777;5770922.893
0;72525.57;5487.108246;1817.149783;1823.518344;1846.440119;0.008739261432;5769025.187
0;72853.74;5470.274232;1811.669379;1818.772357;1839.832496;0.008726348097;5770625.975
0;73181.91;5455.5652;1807.128214;1814.615467;1833.821519;0.008715957733;5771106.425
0;73510.08;5442.975805;1803.508448;1811.239659;1828.227698;0.008707628798;5770574.884
0;73838.25;5432.56728;1800.913143;1807.185492;1824.468646;0.008702043731;5778071.618
0;74166.42;5424.391499;1798.376617;1805.188111;1820.826772;0.008696521118;5778095.227
0;74494.59;5418.381749;1797.167563;1803.96517;1817.249016;0.008693939667;5771082.309
0;74822.76;5414.543182;1796.565595;1803.249253;1814.728334;0.008692819585;5774858.814
0;75150.93;5412.927511;1796.97303;1803.264408;1812.690073;0.008694154539;5773902.406
0;75479.1;5413.478589;1797.250449;1804.070457;1812.157684;0.008695530406;5772829.824
0;75807.27;5416.144973;1798.923789;1805.260915;1811.960269;0.008700072482;5776867.508
0;76135.44;5420.924926;1801.377454;1807.463266;1812.084206;0.008706367349;5775555.444
0;76463.61;5427.75902;1803.657246;1810.236876;1813.864897;0.008712269457;5780315.53
0;76791.78;5436.613275;1807.14862;1813.564545;1815.900111;0.008721577143;5777276.605
0;77119.95;5447.507987;1811.25963;1817.931401;1818.316956;0.008731904756;5778384.99
0;77448.12;5460.436098;1816.341503;1822.738143;1821.356451;0.008744640846;5783065.876
0;77776.29;5475.266893;1821.662851;1828.701591;1824.902451;0.008757944544;5783092.98
0;78104.46;5491.971055;1828.259731;1834.921041;1828.790283;0.008774192529;5781561.11
0;78432.63;5510.531212;1835.205753;1841.517335;1833.808124;0.008791064155;5781769.417
0;78760.8;5530.811777;1842.726744;1848.526493;1839.55854;0.008809513524;5782543.853
0;79088.97;5552.816396;1851.080603;1855.295264;1846.44053;0.008829953256;5777491.613
0;79417.14;5576.458356;1859.868344;1863.046922;1853.54309;0.008851374977;5780430.037
0;79745.31;5601.655709;1869.495449;1871.548963;1860.611297;0.008874930755;5783424.321
0;80073.48;5628.398413;1879.107165;1880.757036;1868.534212;0.008898586904;5784413
0;80401.65;5656.57764;1889.612996;1889.701462;1877.263183;0.008924197554;5780641.109
0;80729.82;5686.099494;1900.320399;1900.048089;1885.731007;0.008950287027;5780813.282
0;81057.99;5716.823533;1911.841791;1909.83867;1895.143072;0.008978237021;5779689.335
0;81386.16;5748.706873;1923.243104;1920.648938;1904.814831;0.009005525942;5781043.924
0;81714.33;5781.625711;1934.742175;1931.670141;1915.213395;0.009032826286;5784329.297
0;82042.5;5815.346011;1946.695056;1943.179119;1925.471836;0.009061447425;5783547.982
0;82370.67;5849.852035;1958.319897;1955.13272;1936.399418;0.009089382564;5785541.294
0;82698.84;5885.1951;1970.571751;1967.156907;1947.466442;0.009118471561;5782861.402
0;83027.01;5921.240428;1983.153111;1979.519528;1958.567789;0.009148001062;5785297.852
0;83355.18;5957.886067;1996.16247;1991.661143;1970.062454;0.009178835571;5791788.434
0;83683.35;5995.050833;2009.620464;2003.929849;1981.500521;0.009210345566;5791160.041
0;84011.52;6032.640297;2023.035405;2016.165488;1993.439404;0.009241975923;5787377.163
0;84339.69;6070.593263;2036.511128;2028.192843;2005.889292;0.009273627582;5792594.2
0;84667.86;6108.771476;2049.643778;2040.720171;2018.407527;0.009304003365;5786972.719
0;84996.03;6147.056886;2062.299928;2053.784413;2030.972544;0.009333220392;5789539.583
0;85324.2;6185.517473;2075.772998;2066.339161;2043.405314;0.009364407823;5781436.168
0;85652.37;6224.072058;2089.266061;2079.460227;2055.345771;0.009395559413;5782171.792
0;85980.54;6262.477577;2103.282284;2091.742321;2067.452971;0.00942824299;5782565.924
0;86308.71;6300.664833;2116.282559;2104.644262;2079.738011;0.009458093731;5777175.032
0;86636.88;6338.555491;2129.20605;2117.609349;2091.740092;0.009487664159;5782439.386
0;86965.05;6376.052637;2141.944482;2130.229379;2103.878776;0.009516769793;5779539.156
0;87293.22;6413.043567;2155.165123;2142.354445;2115.523999;0.00954697002;5779155.891
0;87621.39;6449.397338;2168.176025;2153.932726;2127.288587;0.009576469303;5782506.43
0;87949.56;6485.110772;2180.852019;2165.813729;2138.445024;0.009605187889;5775766.363
0;88277.73;6520.159297;2192.093318;2177.913165;2150.152814;0.009630576137;5777822.428
0;88605.9;6554.526833;2203.804393;2188.732104;2161.990335;0.009657161468;5772991.769
0;88934.07;6588.204582;2215.279846;2199.447895;2173.476841;0.009683338322;5771933.908
0;89262.24;6621.04085;2226.384823;2210.66139;2183.994637;0.009708451725;5769901.331
0;89590.41;6652.913706;2236.172197;2221.344457;2195.397052;0.009730462553;5771673.599
0;89918.58;6683.846193;2246.553267;2231.325213;2205.967713;0.009754008496;5767524.597
0;90246.75;6713.916893;2256.814235;2241.696042;2215.406615;0.009777355298;5762806.412
0;90574.92;6743.009663;2266.246914;2251.69162;2225.071129;0.00979860349;5766153.768
0;90903.09;6771.002779;2275.041017;2261.183027;2234.778735;0.00981847968;5761893.179
0;91231.26;6797.89871;2283.980278;2269.586514;2244.331918;0.00983865938;5762154.623
0;91559.43;6823.631694;2292.053005;2278.523102;2253.055586;0.009856722924;5759607.361
0;91887.6;6848.071369;2299.676387;2287.065548;2261.329435;0.009874329546;5762188.581
0;92215.77;6871.129234;2306.293181;2295.904779;2268.931274;0.009889609696;5765178.434
0;92543.94;6892.93314;2313.185209;2303.038022;2276.709909;0.00990515228;5757945.718
0;92872.11;6913.542363;2319.57231;2309.951801;2284.018253;0.009919923967;5765241.791
0;93200.28;6932.889122;2326.629407;2316.376794;2289.882921;0.009935907632;5760682.769
0;93528.45;6950.847285;2331.727074;2322.507725;2296.612486;0.009947593315;5768085.56
0;93856.62;6967.413794;2337.308934;2327.671952;2302.432908;0.009960108575;5764749.914
0;94184.79;6982.708306;2342.342005;2332.550361;2307.81594;0.009971912052;5760279.443
0;94512.96;6996.624695;2346.557231;2337.333473;2312.73399;0.009982025877;5763142.89
0;94841.13;7009.138216;2350.445123;2341.238141;2317.454951;0.009991492565;5763220.089
0;95169.3;7020.387715;2354.25491;2344.497388;2321.635418;0.0100004213;5756061.872
0;95497.47;7030.310129;2357.754956;2347.615343;2324.93983;0.01000876962;5758602.079
0;95825.64;7038.831949;2360.125158;2350.296451;2328.410339;0.01001489042;5750417.479
0;96153.81;7045.913435;2361.472445;2352.985817;2331.455173;0.01001851618;5755520.797
0;96481.98;7051.623228;2363.392114;2354.494984;2333.736129;0.01002345739;5748629.756
0;96810.15;7055.986753;2364.218089;2356.073973;2335.694692;0.0100261747;5748451.008
0;97138.32;7059.032604;2365.039611;2356.285674;2337.70732;0.0100288518;5742547.304
0;97466.49;7060.792545;2365.107864;2356.732267;2338.952415;0.01002969449;5746925.381
0;97794.66;7061.233248;2364.809377;2356.683521;2339.74035;0.01002971739;5740683.083
0;98122.83;7060.507605;2363.907655;2356.113116;2340.486834;0.01002849916;5739049.667
0;98451;7058.673383;2362.779402;2355.745804;2340.148177;0.01002720983;5734561.295
0;98779.17;7055.758675;2360.576834;2354.92947;2340.252371;0.01002351162;5736608.507
0;99107.34;7051.858877;2359.248802;2352.958032;2339.652042;0.01002160958;5726557.994
0;99435.51;7046.967575;2357.221582;2351.465814;2338.280179;0.01001792388;5728204.967
0;99763.68;7041.069926;2354.538774;2349.048528;2337.482625;0.01001311362;5727072.506
0;100091.85;7034.209732;2352.804932;2345.62985;2335.77495;0.01001042875;5726428.721
0;100420.02;7026.426915;2349.718808;2342.223056;2334.48505;0.01000486635;5728196.213
0;100748.19;7017.87271;2346.227203;2339.479296;2332.166211;0.00999819338;5725594.299
0;101076.36;7008.648888;2342.793842;2335.811968;2330.043079;0.009991894371;5726934.499
0;101404.53;6998.659372;2339.53576;2332.175163;2326.94845;0.009985912933;5725752.788
0;101732.7;6987.89933;2336.257343;2328.552711;2323.089276;0.009979884662;5724415.452
0;102060.87;6976.616866;2331.640707;2324.62369;2320.352469;0.009970941108;5722914.102
0;102389.04;6964.75957;2327.175362;2320.575415;2317.008794;0.009962333913;5725608.619
0;102717.21;6952.379498;2322.475367;2315.739854;2314.164276;0.009952899111;5725817.659
0;103045.38;6939.697897;2318.728815;2310.733437;2310.235645;0.009945647405;5725682.295
0;103373.55;6926.712153;2313.74872;2306.550201;2306.413232;0.009935617962;5724583.128
0;103701.72;6913.435324;2308.806536;2301.879544;2302.749244;0.009925806397;5725427.059
0;104029.89;6899.984241;2304.162909;2297.617488;2298.203845;0.009916558689;5723303.734
0;104358.06;6886.321855;2298.817705;2293.570908;2293.933242;0.009905751823;5725749.694
0;104686.23;6872.50858;2293.965596;2288.465889;2290.077094;0.009896219549;5723373.048
0;105014.4;6858.660324;2288.399179;2284.021223;2286.239923;0.00988468279;5725672.576
0;105342.57;6844.827892;2283.202783;2279.204323;2282.420786;0.009874424248;5723720.526
0;105670.74;6831.114561;2277.606822;2275.314277;2278.193462;0.009863140119;5724622.754
0;105998.91;6817.583419;2272.939563;2270.398905;2274.244951;0.009853484398;5719274.844
0;106327.08;6804.251416;2269.270019;2264.999287;2269.98211;0.009846207686;5725114.763
0;106655.25;6791.176788;2265.045686;2260.370918;2265.760184;0.009837913891;5725088.725
0;106983.42;6778.495888;2260.394811;2255.895679;2262.205398;0.009828530543;5724293.014
0;107311.59;6766.260853;2255.963914;2251.730973;2258.565966;0.009819519599;5723953.492
0;107639.76;6754.476599;2251.985276;2247.253682;2255.237641;0.009811530614;5722374.402
0;107967.93;6743.212793;2248.019326;2243.617785;2251.575682;0.009803394392;5723496.217
0;108296.1;6732.517253;2244.102053;2239.96923;2248.445971;0.009795433455;5722242.232
0;108624.27;6722.472769;2240.465204;2236.381783;2245.625782;0.009788193487;5723594.865
0;108952.44;6713.085283;2236.564716;2233.017681;2243.502886;0.009780384824;5721344.691
0;109280.61;6704.454578;2233.025023;2231.088134;2240.341421;0.009773411848;5719518.828
0;109608.78;6696.61477;2230.905451;2228.525255;2237.184065;0.009769362221;5719704.071
0;109936.95;6689.466183;2228.446125;2226.205593;2234.814464;0.009764502574;5722578.724
0;110265.12;6683.033781;2226.789331;2224.020759;2232.223691;0.009761712918;5724302.907
0;110593.29;6677.424841;2224.73375;2222.257296;2230.433795;0.009757658745;5722141.325
0;110921.46;6672.701664;2223.061869;2221.337914;2228.30188;0.009754384014;5726263.072
0;111249.63;6668.859004;2221.561945;2220.750652;2226.546406;0.009751473698;5727348.115
0;111577.8;6665.927797;2220.366877;2220.141183;2225.419737;0.009749054472;5726244.065
0;111905.97;6664.001034;2220.196587;2219.056949;2224.747497;0.009749101487;5725621.829
0;112234.14;6663.108882;2219.613458;2219.087044;2224.40838;0.009748184558;5726748.803
0;112562.31;6663.268717;2219.532132;2219.105581;2224.631004;0.009748325775;5726733.294
0;112890.48;6664.427004;2220.574208;2219.937147;2223.915649;0.009750879391;5727742.729
0;113218.65;6666.609306;2221.943302;2220.665152;2224.000852;0.009754185583;5727570.361
0;113546.82;6669.866512;2222.561827;2222.867849;2224.436835;0.009755738955;5726164.923
0;113874.99;6674.218719;2224.084934;2224.687398;2225.446388;0.009759349952;5722779.691
0;114203.16;6679.638228;2226.051891;2226.37025;2227.216087;0.009763938211;5725687.269
0;114531.33;6686.114942;2229.145715;2228.374611;2228.594616;0.009770939252;5723206.084
0;114859.5;6693.617561;2231.723195;2231.18289;2230.711476;0.009776725074;5729294.948
0;115187.67;6702.148366;2234.807541;2234.128957;2233.211868;0.009783610296;5728358.745
0;115515.84;6711.734585;2237.818306;2237.859144;2236.057135;0.009790302903;5733825.972
0;115844.01;6722.326199;2241.784325;2240.729914;2239.81196;0.009799083942;5740023.608
0;116172.18;6733.917774;2245.918718;2244.815367;2243.183688;0.009808216805;5730564.429
0;116500.35;6746.496896;2251.123341;2248.591772;2246.781782;0.009819605401;5726131.141
0;116828.52;6760.035261;2255.500318;2253.029128;2251.505816;0.00982916904;5721052.037
0;117156.69;6774.4636;2260.552265;2257.68793;2256.223404;0.009840160224;5720342.804
0;117484.86;6789.796476;2266.023382;2262.587289;2261.185805;0.009852042432;5712891.67
0;117813.03;6805.986697;2271.770016;2268.117778;2266.098903;0.009864497252;5712333.725
0;118141.2;6822.978879;2278.329783;2273.941775;2270.707321;0.009878696608;5712034.41
0;118469.37;6840.748113;2284.892318;2279.891677;2275.964118;0.009892865782;5715818.418
0;118797.54;6859.232316;2291.866877;2286.243857;2281.121582;0.009907901417;5715055.18
0;119125.71;6878.449095;2298.698909;2293.02427;2286.725916;0.009922606111;5715411.198
0;119453.88;6898.308505;2305.668001;2299.988309;2292.652195;0.009937605148;5715570.724
0;119782.05;6918.790636;2312.978401;2307.299707;2298.512528;0.009953292562;5717153.43
0;120110.22;6939.824456;2320.376295;2313.956637;2305.491524;0.009969138308;5715259.746
0;120438.39;6961.336103;2327.789118;2321.149764;2312.397221;0.009984981809;5717996.963
0;120766.56;6983.264466;2335.435081;2328.335077;2319.494309;0.01000132179;5722532.916
0;121094.73;7005.597021;2343.106496;2336.040163;2326.450363;0.01001765267;5717062.662
0;121422.9;7028.310386;2351.948873;2343.638766;2332.722747;0.0100364702;5713558.347
0;121751.07;7051.384082;2360.074683;2351.09063;2340.218769;0.01005372267;5721906.906
0;122079.24;7074.751513;2368.715885;2358.174764;2347.860863;0.01007200222;5717871.505
0;122407.41;7098.328445;2376.735995;2365.762127;2355.830324;0.01008894432;5720786.313
0;122735.58;7122.089313;2385.38391;2373.773809;2362.931594;0.01010713548;5711887.835
0;123063.75;7145.920922;2393.489723;2382.143955;2370.287244;0.01012412013;5722250.381
0;123391.92;7169.738854;2402.213418;2389.738347;2377.787089;0.01014236906;5708238.933
0;123720.09;7193.561664;2410.561533;2397.413843;2385.586288;0.01015981381;5714622.079
0;124048.26;7217.351688;2418.57786;2405.362401;2393.411426;0.01017655189;5708909.43
0;124376.43;7241.007921;2426.64378;2413.157695;2401.206447;0.01019329404;5714515.28
0;124704.6;7264.499888;2435.311344;2420.53589;2408.652654;0.01021124149;5710511.97
0;125032.77;7287.731068;2443.630311;2428.041909;2416.058849;0.01022842981;5707448.585
0;125360.94;7310.685194;2451.322809;2435.234608;2424.127777;0.01024431308;5711839.746
0;125689.11;7333.310476;2459.027514;2442.916948;2431.366013;0.01026010525;5706613.804
0;126017.28;7355.524925;2466.732762;2450.21044;2438.581722;0.01027595986;5714513.867
0;126345.45;7377.308399;2474.129839;2457.770838;2445.407721;0.01029112836;5707555.814
0;126673.62;7398.585733;2481.563174;2464.950634;2452.071924;0.0103063157;5708040.375
0;127001.79;7419.309066;2488.238125;2471.22279;2459.848152;0.01031982959;5709214.478
0;127329.96;7439.369079;2494.685493;2477.823026;2466.860561;0.01033296428;5699144.332
0;127658.13;7458.75257;2501.394683;2483.249548;2474.108339;0.01034663389;5699240.996
0;127986.3;7477.49748;2508.081297;2489.340945;2480.075237;0.01036013659;5694338.134
0;128314.47;7495.613085;2513.741183;2495.174324;2486.697579;0.01037149811;5700154.01
0;128642.64;7513.055795;2519.781259;2500.860101;2492.414436;0.01038375805;5694016.61
0;128970.81;7529.797415;2524.837759;2506.136825;2498.822831;0.01039387175;5697414.661
0;129298.98;7545.828628;2529.891916;2511.093553;2504.843159;0.01040396484;5698712.422
0;129627.15;7561.02923;2534.613426;2516.128131;2510.287674;0.01041338401;5702278.341
0;129955.32;7575.366767;2539.443367;2520.404623;2515.518777;0.01042302746;5703370.295
0;130283.49;7588.834477;2544.004705;2525.189;2519.640772;0.01043208445;5702068.287
0;130611.66;7601.3378;2547.995437;2529.828706;2523.513657;0.01044009852;5705782.624
0;130939.83;7612.913836;2552.473368;2532.707763;2527.732705;0.01044899048;5711557.226
0;131268;7623.541029;2555.801585;2535.611696;2532.127748;0.01045559795;5711127.387
0;131596.17;7633.101245;2558.658379;2538.573159;2535.869706;0.01046123776;5705286.371
0;131924.34;7641.624657;2560.789255;2541.303421;2539.531981;0.01046533807;5711229.662
0;132252.51;7649.098972;2563.30689;2542.505479;2543.286603;0.01047018663;5711840.463
0;132580.68;7655.481351;2565.211135;2543.61992;2546.650295;0.01047389663;5712890.818
0;132908.85;7660.73589;2567.016786;2544.908226;2548.810878;0.01047729795;5708158.305
0;133237.02;7664.918763;2568.193635;2545.62154;2551.103588;0.01047952633;5712449.701
0;133565.19;7668.041041;2569.303341;2546.206275;2552.531425;0.01048170866;5709682.315
0;133893.36;7670.096969;2569.995025;2546.173328;2553.928616;0.01048297057;5716104.995
0;134221.53;7671.192808;2570.065427;2546.228269;2554.899111;0.01048291121;5712911.452
0;134549.7;7671.387097;2569.566964;2546.176695;2555.643438;0.01048173407;5718905.521
0;134877.87;7670.586544;2569.531505;2545.067474;2555.987565;0.01048146834;5717004.217
0;135206.04;7668.710784;2568.803537;2543.652795;2556.254452;0.01047987506;5717301.568
0;135534.21;7665.742025;2567.277899;2542.237752;2556.226374;0.01047664169;5717761.511
0;135862.38;7661.792177;2566.155517;2539.700479;2555.93618;0.01047426059;5716397.115
0;136190.55;7656.930133;2563.552721;2538.059277;2555.318136;0.01046885066;5719989.612
0;136518.72;7651.102829;2561.06306;2535.693262;2554.346507;0.01046368924;5716201.937
0;136846.89;7644.396742;2558.304924;2533.545365;2552.546454;0.01045797433;5720573.911
0;137175.06;7636.800377;2555.224672;2530.857881;2550.717824;0.01045153974;5727020.878
0;137503.23;7628.251039;2552.543288;2527.828487;2547.879264;0.01044594546;5722880.12
0;137831.4;7618.904559;2548.844692;2524.475359;2545.584508;0.0104383238;5727667.365
0;138159.57;7608.775843;2544.443018;2521.103307;2543.229518;0.01042924666;5725934.113
0;138487.74;7597.85081;2540.620879;2517.18994;2540.039992;0.0104213755;5734590.272
0;138815.91;7586.16432;2536.646846;2512.898749;2536.618725;0.0104131986;5732499.482
0;139144.08;7573.717582;2532.751173;2508.320669;2532.64574;0.01040516883;5720342.869
0;139472.25;7560.575561;2528.175717;2503.569141;2528.830703;0.01039574267;5723958.819
0;139800.42;7546.814277;2522.951373;2499.156346;2524.706559;0.0103849975;5726622.378
0;140128.59;7532.506816;2517.599023;2494.381938;2520.525855;0.01037397571;5729452.533
0;140456.76;7517.642931;2512.320461;2489.710901;2515.611569;0.01036311871;5726859.185
0;140784.93;7502.201123;2507.160071;2484.381064;2510.659989;0.01035247136;5724262.355
0;141113.1;7486.326385;2502.032086;2478.415149;2505.87915;0.01034191595;5731726.955
0;141441.27;7470.092956;2496.333927;2473.09512;2500.66391;0.01033014912;5733958.191
0;141769.44;7453.4669;2490.487651;2467.210917;2495.768332;0.01031810609;5732275.427
0;142097.61;7436.467955;2484.749741;2461.265769;2490.452445;0.01030623475;5728771.44
0;142425.78;7419.19104;2479.163494;2455.674246;2484.3533;0.0102947007;5722034.166
0;142753.95;7401.748216;2473.974397;2449.78771;2477.986109;0.01028398409;5719156.53
0;143082.12;7384.203911;2468.23482;2444.207101;2471.761989;0.01027208856;5716293.957
0;143410.29;7366.676619;2462.351241;2438.18709;2466.138288;0.01025993577;5720890.869
0;143738.46;7349.284998;2456.453946;2432.574958;2460.256094;0.01024768203;5722170.78
0;144066.63;7332.07606;2450.590615;2426.514394;2454.971052;0.01023552619;5720005.317
0;144394.8;7314.997836;2444.792226;2420.888241;2449.317368;0.01022352145;5718311.584
0;144722.97;7298.055412;2438.874895;2415.586545;2443.593972;0.01021136718;5721819.899
0;145051.14;7281.287858;2433.890134;2410.193621;2437.204103;0.01020104272;5720163.156
0;145379.31;7264.740501;2428.232138;2405.074368;2431.433995;0.01018931284;5719167.224
0;145707.48;7248.500789;2422.240324;2400.584308;2425.676157;0.01017685513;5719524.56
0;146035.65;7232.599686;2417.120224;2395.011684;2420.467779;0.01016620969;5721456.408
0;146363.82;7217.03456;2412.185603;2390.051837;2414.79712;0.01015601932;5721836.322
0;146691.99;7201.921469;2407.45148;2384.732315;2409.737674;0.01014619942;5723415.548
0;147020.16;7187.366329;2402.827416;2380.265285;2404.273628;0.01013661704;5724567.281
0;147348.33;7173.395581;2397.527087;2376.19681;2399.671684;0.0101255775;5721558.079
0;147676.5;7160.093584;2393.05236;2372.304899;2394.736325;0.01011631467;5721525.408
0;148004.67;7147.51375;2388.944569;2368.2378;2390.331381;0.01010776945;5718522.139
0;148332.84;7135.715379;2385.883826;2363.877222;2385.95433;0.01010145896;5726210.23
0;148661.01;7124.602795;2382.640356;2360.629917;2381.332522;0.01009476213;5721009.56
0;148989.18;7114.216458;2378.664503;2358.585566;2376.966388;0.01008649113;5717312.423
0;149317.35;7104.741276;2375.699731;2355.706209;2373.335336;0.01008035704;5724408.17
0;149645.52;7096.156766;2372.859473;2353.622093;2369.6752;0.01007452704;5717425.393
0;149973.69;7088.455042;2370.035603;2351.785711;2366.633729;0.01006863754;5715730.275
0;150301.86;7081.703251;2368.312035;2350.276437;2363.114779;0.01006525814;5714156.984
0;150630.03;7075.904132;2366.833905;2348.536867;2360.533359;0.01006227682;5712757.603
0;150958.2;7071.133808;2365.238272;2347.352287;2358.543249;0.01005893932;5716878.637
0;151286.37;7067.425703;2364.735436;2345.80245;2356.887817;0.01005799004;5712853.597
0;151614.54;7064.681966;2364.256636;2345.589009;2354.836322;0.01005728462;5711311.3
0;151942.71;7062.87282;2364.271839;2345.544223;2353.056758;0.0100574545;5717092.296
0;152270.88;7062.095955;2364.613456;2345.242025;2352.240473;0.01005839996;5721008.897
0;152599.05;7062.253624;2364.881441;2345.916612;2351.455571;0.01005911603;5717866.571
0;152927.22;7063.346083;2365.089095;2346.909127;2351.34786;0.01005972893;5725033.594
0;153255.39;7065.535526;2366.236061;2348.003941;2351.295524;0.01006239125;5724170.138
0;153583.56;7068.83967;2367.810304;2349.539856;2351.489511;0.01006588448;5710488.03
0;153911.73;7073.271187;2369.201552;2351.704686;2352.364949;0.01006917549;5701582.164
0;154239.9;7078.787021;2371.68822;2354.303598;2352.795202;0.01007472846;5705780.028
0;154568.07;7085.311143;2374.368412;2356.884909;2354.057822;0.01008068918;5714567.133
0;154896.24;7092.882965;2377.252408;2359.612345;2356.018212;0.01008708782;5710880.008
0;155224.41;7101.552902;2380.567501;2362.774974;2358.210427;0.01009439101;5713360.148
0;155552.58;7111.239877;2384.664576;2366.149938;2360.425364;0.0101032705;5711813.877
0;155880.75;7121.939777;2388.557157;2369.83861;2363.54401;0.01011179414;5714445.053
0;156208.92;7133.583084;2392.402224;2374.70419;2366.476669;0.01012039586;5709388.678
0;156537.09;7146.149715;2396.893395;2379.242931;2370.013389;0.01013004455;5711754.868
0;156865.26;7159.685905;2401.859212;2384.179217;2373.647476;0.01014075889;5716601.404
0;157193.43;7174.121481;2407.655096;2388.570322;2377.896062;0.01015320655;5706403.46
0;157521.6;7189.422682;2413.053375;2394.143385;2382.225922;0.01016489552;5705545.395
0;157849.77;7205.569964;2420.043486;2399.564856;2385.961622;0.01017996325;5703695.989
0;158177.94;7222.530898;2426.328952;2405.587381;2390.614565;0.0101934605;5704674.77
0;158506.11;7240.228009;2432.639651;2411.874979;2395.713379;0.0102069397;5701740.939
0;158834.28;7258.561276;2439.679838;2418.301206;2400.580232;0.01022211638;5705141.828
0;159162.45;7277.488503;2446.236114;2425.58076;2405.671628;0.01023620002;5702286.834
0;159490.62;7297.036745;2453.271783;2431.865028;2411.899934;0.01025137913;5704034.893
0;159818.79;7317.123633;2460.618755;2438.453244;2418.051635;0.01026717019;5701588.905
0;160146.96;7337.742624;2467.905739;2445.443477;2424.393408;0.01028279599;5701751.224
0;160475.13;7358.891331;2475.687148;2452.51663;2430.687553;0.01029939611;5705758.192
0;160803.3;7380.417619;2483.179402;2459.951679;2437.286538;0.01031532099;5705487.354
0;161131.47;7402.285548;2490.57214;2467.502682;2444.210726;0.0103312534;5709683.481
0;161459.64;7424.523842;2498.178556;2474.395323;2451.949963;0.0103475613;5703347.799
0;161787.81;7446.992106;2507.03291;2481.205846;2458.75335;0.0103662552;5707161.147
0;162115.98;7469.601933;2515.369887;2488.449344;2465.782702;0.01038390977;5704024.608
0;162444.15;7492.333497;2522.910043;2496.888323;2472.535131;0.01039992281;5706192.481
0;162772.32;7515.131285;2531.42096;2504.577932;2479.132394;0.01041785882;5706140.627
0;163100.49;7537.93482;2540.161422;2511.883671;2485.889727;0.01043618975;5708424.992
0;163428.66;7560.72175;2548.866201;2518.574113;2493.281436;0.01045450896;5707005.815
0;163756.83;7583.540331;2556.582769;2526.74821;2500.209352;0.01047066842;5706661.963
0;164085;7606.393617;2564.103548;2534.321944;2507.968125;0.01048651235;5705770.538
0;164413.17;7629.229985;2571.813801;2542.067141;2515.349043;0.01050262775;5705018.216
0;164741.34;7651.950426;2579.301829;2549.597778;2523.050819;0.01051849089;5708059.26
0;165069.51;7674.473193;2587.240085;2556.965587;2530.267521;0.01053531119;5706610.282
0;165397.68;7696.710542;2594.655229;2564.36849;2537.686823;0.01055066919;5710302.457
0;165725.85;7718.617212;2602.38758;2571.400596;2544.829036;0.01056688484;5705679.409
0;166054.02;7740.214326;2609.883733;2578.483051;2551.847543;0.01058263501;5705452.081
0;166382.19;7761.494327;2617.286281;2584.748073;2559.459973;0.010598122;5704508.955
0;166710.36;7782.494339;2623.848233;2591.460469;2567.185637;0.01061183575;5705901.478
0;167038.53;7803.121664;2630.935733;2598.324649;2573.861282;0.0106267892;5705034.124
0;167366.7;7823.28875;2638.079093;2604.328859;2580.880798;0.01064205215;5704829.05
0;167694.87;7843.008651;2645.37185;2609.975508;2587.661293;0.01065729538;5701226.418
0;168023.04;7862.198864;2651.78004;2616.19553;2594.223295;0.01067072587;5700510.47
0;168351.21;7880.747118;2657.531811;2622.266735;2600.948572;0.01068298015;5705202.634
0;168679.38;7898.65385;2663.466376;2628.154494;2607.03298;0.01069571073;5701498.871
0;169007.55;7915.891048;2669.257792;2633.833464;2612.799793;0.01070819849;5697910.837
0;169335.72;7932.424951;2674.578947;2639.82949;2618.016514;0.01071940515;5696718.848
0;169663.89;7948.209773;2679.377813;2645.130694;2623.701266;0.01072977197;5699824.682
0;169992.06;7963.26141;2684.870802;2649.434232;2628.956376;0.01074162794;5697525.473
0;170320.23;7977.677491;2689.334806;2654.008191;2634.334494;0.01075131086;5691924.553
0;170648.4;7991.418075;2694.436248;2657.501961;2639.479866;0.01076234411;5695737.881
0;170976.57;8004.431721;2698.470986;2661.52288;2644.437855;0.01077090682;5694907.701
0;171304.74;8016.728005;2702.148814;2665.486388;2649.092803;0.01077881345;5690189.043
0;171632.91;8028.261848;2705.872838;2668.776846;2653.612165;0.01078711488;5687348.665
0;171961.08;8039.040221;2709.347935;2671.92212;2657.770166;0.01079475767;5688891.321
0;172289.25;8048.977876;2712.332948;2675.143295;2661.501634;0.0108013812;5689083.576
0;172617.42;8058.05998;2715.161961;2678.40374;2664.494278;0.01080794052;5689430.742
0;172945.59;8066.317691;2717.475421;2681.202448;2667.639822;0.01081351325;5687675.741
0;173273.76;8073.736705;2719.921442;2683.689233;2670.12603;0.01081933206;5688169.513
0;173601.93;8080.398309;2722.666046;2685.355641;2672.376622;0.01082548081;5679613.352
0;173930.1;8086.397105;2723.794763;2686.95073;2675.651612;0.01082836924;5682872.494
0;174258.27;8091.69912;2725.439664;2688.339581;2677.919875;0.0108321977;5684135.4
0;174586.44;8096.206444;2725.727798;2689.720769;2680.757877;0.01083341466;5687728.414
0;174914.61;8099.914181;2727.644393;2690.672177;2681.597611;0.01083777237;5690387.533
0;175242.78;8102.945392;2727.780718;2690.866128;2684.298546;0.01083867484;5681927.412
0;175570.95;8105.319348;2728.698025;2691.143136;2685.478186;0.01084109347;5683938.943
0;175899.12;8106.898747;2728.448298;2691.692327;2686.758123;0.01084128933;5681788.8
0;176227.29;8107.738532;2728.024113;2692.149214;2687.565205;0.01084105101;5681833.827
0;176555.46;8107.956864;2726.880681;2692.888881;2688.187302;0.01083926345;5681999.696
0;176883.63;8107.52959;2726.138404;2692.892385;2688.498801;0.01083844354;5682455.781
0;177211.8;8106.379864;2724.823732;2692.515855;2689.040276;0.01083638892;5684623.908
0;177539.97;8104.682758;2723.250745;2692.341176;2689.090836;0.01083379264;5671940.479
0;177868.14;8102.542072;2721.868969;2691.670655;2689.002448;0.01083167041;5665867.592
0;178196.31;8099.943777;2720.688705;2690.901367;2688.353705;0.01082974707;5667637.806
0;178524.48;8096.907102;2719.409944;2689.731307;2687.765851;0.01082800514;5670571.586
0;178852.65;8093.385593;2718.459222;2688.076743;2686.849628;0.01082667183;5673803.024
0;179180.82;8089.36569;2716.467933;2687.368908;2685.528849;0.01082335862;5676540.697
0;179508.99;8084.866594;2714.254717;2685.990824;2684.621054;0.01081948468;5674458.898
0;179837.16;8079.978927;2712.675809;2684.898133;2682.404986;0.01081695702;5677408.648
0;180165.33;8074.81601;2709.897517;2684.187773;2680.730721;0.01081189955;5675794.92
0;180493.5;8069.380109;2707.844724;2682.728883;2678.806502;0.01080832358;5675188.178
0;180821.67;8063.676835;2705.87613;2681.988278;2675.812428;0.0108048453;5675118.21
0;181149.84;8057.701464;2703.346636;2680.237438;2674.11739;0.01080032536;5681376.683
0;181478.01;8051.454271;2701.433129;2677.425534;2672.595609;0.01079693041;5676521.277
0;181806.18;8044.990856;2698.63597;2675.665183;2670.689704;0.01079179077;5679529.23
0;182134.35;8038.462329;2696.230998;2673.437302;2668.794029;0.01078736811;5677043.32
0;182462.52;8031.899593;2693.809486;2671.427541;2666.662566;0.01078284167;5677966.82
0;182790.69;8025.258179;2691.523236;2669.054165;2664.680779;0.01077855707;5681616.663
0;183118.86;8018.583793;2688.607175;2667.001266;2662.975352;0.01077298279;5681761.689
0;183447.03;8011.813512;2685.543172;2664.876994;2661.393345;0.01076714975;5683977.677
0;183775.2;8004.998895;2683.601325;2662.983113;2658.414457;0.0107635051;5687805.775
0;184103.37;7998.246326;2681.276751;2660.947079;2656.022496;0.01075910242;5678419.22
0;184431.54;7991.550293;2678.821958;2658.315765;2654.412569;0.01075437335;5676662.869
0;184759.71;7984.954976;2676.989972;2656.177439;2651.787565;0.01075090813;5677374.407
0;185087.88;7978.493498;2674.304022;2654.527781;2649.661695;0.01074569968;5672795.381
0;185416.05;7972.142998;2671.948306;2652.800443;2647.394249;0.01074114429;5673276.853
0;185744.22;7965.837221;2669.36851;2650.527446;2645.941265;0.01073613964;5682621.315
0;186072.39;7959.686359;2666.959151;2648.849279;2643.87793;0.01073142475;5667293.8
0;186400.56;7953.806625;2665.47489;2646.51119;2641.820545;0.01072850205;5675226.369
0;186728.73;7948.139153;2663.699869;2644.716957;2639.722327;0.0107249633;5674945.682
0;187056.9;7942.687836;2661.92573;2642.647995;2638.114111;0.01072138779;5675020.094
0;187385.07;7937.557262;2660.685229;2640.727975;2636.144058;0.01071889246;5675080.17
0;187713.24;7932.827644;2658.894678;2639.215097;2634.71787;0.01071525622;5671686.845
0;188041.41;7928.476084;2656.95017;2638.132444;2633.393469;0.01071128014;5679532.745
0;188369.58;7924.482941;2654.838147;2637.432766;2632.212028;0.01070692616;5677755.409
0;188697.75;7920.858263;2653.905984;2636.494773;2630.457506;0.01070490073;5681548.03
0;189025.92;7917.662913;2652.452102;2636.105406;2629.105405;0.01070182183;5675395.87
0;189354.09;7914.921325;2651.705419;2635.155178;2628.060728;0.01070010018;5677643.726
0;189682.26;7912.641853;2650.745309;2634.811938;2627.084606;0.01069800782;5668532.359
0;190010.43;7910.811019;2649.715573;2635.480474;2625.614972;0.01069576599;5674832.975
0;190338.6;7909.412241;2649.503046;2635.40163;2624.507565;0.01069513939;5665437.509
0;190666.77;7908.459119;2649.247765;2635.252228;2623.959126;0.0106944407;5670944.356
0;190994.94;7907.963578;2649.03428;2635.053558;2623.87574;0.0106937697;5670682.541
0;191323.11;7907.94879;2649.104471;2634.995661;2623.848658;0.01069363814;5667529.72
0;191651.28;7908.36682;2648.708621;2635.658632;2623.999567;0.01069263274;5676584.062
0;191979.45;7909.191768;2647.986087;2637.067753;2624.137928;0.01069096009;5663630.577
0;192307.62;7910.516791;2648.575034;2637.628289;2624.313468;0.01069189046;5675676.503
0;192635.79;7912.259581;2649.427391;2638.490027;2624.342162;0.01069322952;5665098.041
0;192963.96;7914.347394;2650.142258;2639.655041;2624.550095;0.01069445017;5664414.262
0;193292.13;7916.832841;2650.987931;2640.511053;2625.333857;0.01069578351;5667093.409
0;193620.3;7919.769368;2651.889423;2641.949496;2625.930448;0.01069741791;5664590.876
0;193948.47;7923.121503;2653.444905;2643.999018;2625.677579;0.01070033324;5665508.942
0;194276.64;7926.866446;2655.316402;2645.525775;2626.024269;0.01070385819;5673571.65
0;194604.81;7931.068765;2656.439663;2647.085249;2627.543853;0.01070578009;5674955.385
0;194932.98;7935.606634;2657.629311;2648.952296;2629.025028;0.01070780699;5682828.234
0;195261.15;7940.455626;2659.560049;2650.672723;2630.222854;0.01071157969;5676602.433
0;195589.32;7945.645318;2660.778927;2652.724608;2632.141783;0.01071376327;5681081.663
0;195917.49;7951.145274;2663.962365;2654.748086;2632.434822;0.01071987802;5677998.69
0;196245.66;7956.99401;2666.671002;2657.00183;2633.321178;0.01072499644;5677380.032
0;196573.83;7963.143441;2669.139753;2658.607312;2635.396375;0.01072967351;5682195.537
0;196902;7969.564245;2671.03471;2660.77176;2637.757776;0.01073312552;5677112.578
0;197230.17;7976.224823;2674.005847;2663.548165;2638.670812;0.01073885281;5678758.57
0;197558.34;7983.137281;2675.84919;2666.211894;2641.076197;0.01074221585;5683831.625
0;197886.51;7990.295884;2678.475273;2668.554374;2643.266237;0.01074723258;5677756.697
0;198214.68;7997.664146;2680.750071;2671.021116;2645.892959;0.01075171159;5676782.562
0;198542.85;8005.171674;2683.064506;2673.352675;2648.754492;0.010756074;5681984.167
0;198871.02;8012.862185;2685.91158;2675.817067;2651.133538;0.01076150153;5688315.426
0;199199.19;8020.742765;2689.392305;2678.141264;2653.209196;0.01076813722;5684730.541
0;199527.36;8028.751082;2691.983679;2680.609427;2656.157976;0.01077311309;5695351.826
0;199855.53;8036.784231;2695.062271;2683.07225;2658.64971;0.01077897709;5679364.952
0;200183.7;8044.77443;2697.139872;2685.972429;2661.662129;0.01078281803;5687124.103
0;200511.87;8052.791109;2700.016413;2688.317295;2664.4574;0.01078834847;5679292.527
0;200840.04;8060.727757;2703.172201;2690.878105;2666.677451;0.01079439883;5686580.953
0;201168.21;8068.534686;2705.64382;2693.648889;2669.241978;0.01079905384;5684243.801
0;201496.38;8076.181158;2708.915901;2695.920755;2671.344502;0.01080527361;5687794.936
0;201824.55;8083.639289;2711.811112;2698.753388;2673.07479;0.01081078433;5683979.627
0;202152.72;8090.859649;2714.588305;2701.117991;2675.153353;0.01081597897;5688772.807
0;202480.89;8097.783886;2717.765429;2703.384357;2676.6341;0.01082204643;5683768.805
0;202809.06;8104.47374;2719.718382;2706.233501;2678.521857;0.0108255039;5681164.401
0;203137.23;8111.018819;2722.417583;2708.457274;2680.143963;0.01083053805;5693681.156
0;203465.4;8117.301391;2724.679119;2710.651975;2681.970297;0.01083456913;5684470.773
0;203793.57;8123.313212;2726.130869;2712.817405;2684.364938;0.01083707887;5699590.027
0;204121.74;8129.105026;2727.637379;2715.107707;2686.35994;0.01083969011;5691824.346
0;204449.91;8134.604422;2730.439902;2716.037383;2688.127138;0.01084478912;5690590.157
0;204778.08;8139.73637;2731.80991;2717.832878;2690.093582;0.01084729856;5688352.018
0;205106.25;8144.467178;2733.294766;2719.766881;2691.405532;0.01084992915;5691431.684
0;205434.42;8148.873224;2735.136431;2721.137105;2692.599688;0.01085319623;5700624.87
0;205762.59;8152.87243;2736.145268;2721.750136;2694.977026;0.01085478422;5692753.612
0;206090.76;8156.400831;2738.142079;2722.525478;2695.733274;0.01085838227;5695841.934
0;206418.93;8159.554836;2739.413471;2722.762918;2697.378447;0.01086051045;5698896.825
0;206747.1;8162.288162;2739.036715;2724.529436;2698.72201;0.01085939291;5695411.862
0;207075.27;8164.45219;2739.789396;2725.151145;2699.511649;0.01086052634;5688771.648
0;207403.44;8166.0957;2740.734376;2724.846143;2700.515181;0.01086209142;5693464.98
0;207731.61;8167.218379;2741.113751;2724.854975;2701.249654;0.0108625147;5692410.033
0;208059.78;8167.826271;2740.843476;2725.219263;2701.763532;0.01086174948;5701236.515
0;208387.95;8168.025059;2741.118527;2724.749853;2702.156678;0.01086200508;5697337.8
0;208716.12;8167.728457;2740.912326;2724.114394;2702.701737;0.0108612777;5700645.908
0;209044.29;8166.84477;2740.879975;2723.270119;2702.694676;0.01086099851;5704452.024
0;209372.46;8165.423603;2740.170311;2722.572496;2702.680796;0.01085928874;5696003.41
0;209700.63;8163.416481;2739.445977;2721.10436;2702.866145;0.0108576043;5693919.934
0;210028.8;8160.856193;2739.036731;2719.853361;2701.966101;0.01085640338;5698651.87
0;210356.97;8157.815317;2738.094639;2717.988687;2701.73199;0.01085422658;5709337.563
0;210685.14;8154.220276;2736.97437;2716.246028;2700.999878;0.01085167817;5700215.82
0;211013.31;8150.109278;2735.062182;2714.482281;2700.564815;0.01084745039;5706292.415
0;211341.48;8145.578102;2733.29569;2712.188461;2700.093951;0.01084364889;5702813.253
0;211669.65;8140.607658;2731.186729;2710.977005;2698.443925;0.01083907162;5712570.199
0;211997.82;8135.107282;2729.610355;2709.251826;2696.245101;0.01083560208;5708074.906
0;212325.99;8129.06971;2726.509135;2707.341103;2695.219471;0.01082918008;5703765.249
0;212654.16;8122.572516;2725.146997;2704.768062;2692.657456;0.01082614315;5708460.403
0;212982.33;8115.628685;2722.833517;2702.146117;2690.649051;0.01082118948;5703360.59
0;213310.5;8108.311675;2720.393923;2698.990724;2688.927027;0.01081604975;5707137.287
0;213638.67;8100.628031;2717.263673;2695.956868;2687.40749;0.01080946348;5702751.582
0;213966.84;8092.555817;2713.925482;2693.093143;2685.537192;0.01080233103;5702981.644
0;214295.01;8084.093414;2710.600607;2689.724123;2683.768683;0.0107952919;5698064.171
0;214623.18;8075.221905;2707.573218;2686.383831;2681.264856;0.01078875826;5698227.555
0;214951.35;8065.905822;2704.431058;2682.937807;2678.536957;0.01078197212;5704587.308
0;215279.52;8056.187133;2701.648625;2679.351088;2675.18742;0.01077600307;5696849.578
0;215607.69;8046.101897;2698.225884;2675.729852;2672.14616;0.01076876708;5697559.28
0;215935.86;8035.671314;2694.059298;2672.799137;2668.812879;0.01076022306;5702012.3
0;216264.03;8025.040342;2690.560673;2668.759094;2665.720575;0.01075294982;5704893.478
0;216592.2;8014.303036;2686.891857;2664.167146;2663.244033;0.01074523968;5693661.115
0;216920.37;8003.409406;2682.613028;2660.569841;2660.226537;0.01073619185;5703457.815
0;217248.54;7992.297524;2678.882089;2656.590458;2656.824977;0.01072810553;5699043.06
0;217576.71;7981.071542;2674.967069;2653.203795;2652.900678;0.01071998267;5704621.669
0;217904.88;7969.735371;2671.78298;2649.505489;2648.446902;0.01071322283;5701500.335
0;218233.05;7958.259021;2667.81422;2645.710836;2644.733965;0.01070482937;5708570.218
0;218561.22;7946.714116;2663.529062;2641.464631;2641.720423;0.01069589647;5708127.176
0;218889.39;7935.063412;2659.288641;2637.903301;2637.871469;0.01068698577;5703359.823
0;219217.56;7923.425396;2656.221183;2633.171235;2634.032979;0.01068033343;5715149.619
0;219545.73;7911.903261;2651.820876;2629.627176;2630.455209;0.01067121186;5709524.939
0;219873.9;7900.484336;2647.679884;2626.38606;2626.418391;0.01066244817;5709964.409
0;220202.07;7889.247591;2644.117437;2622.699241;2622.430914;0.01065487268;5704738.193
0;220530.24;7878.198023;2640.215444;2619.449809;2618.53277;0.0106465282;5711406.959
0;220858.41;7867.2947;2636.376276;2616.103404;2614.81502;0.01063855824;5706479.59
0;221186.58;7856.540866;2632.711555;2612.778855;2611.050456;0.01063073288;5709806.623
0;221514.75;7845.910801;2629.617342;2608.474891;2607.818568;0.01062403536;5699765.123
0;221842.92;7835.548053;2625.561918;2605.354228;2604.631908;0.01061554965;5709864.486
0;222171.09;7825.484961;2621.708161;2602.407001;2601.369799;0.01060740621;5715893.999
0;222499.26;7815.609743;2619.141257;2598.707618;2597.760867;0.0106018628;5705819.27
0;222827.43;7806.07404;2616.651019;2595.39733;2594.025691;0.01059656056;5703227.171
0;223155.6;7796.964511;2613.649984;2592.391703;2590.922824;0.01059010987;5701314.674
0;223483.77;7788.310285;2610.772915;2590.396641;2587.140729;0.01058379668;5699756.773
0;223811.94;7780.186915;2608.81363;2587.607263;2583.766022;0.01057957199;5695195.506
0;224140.11;7772.541445;2606.428918;2585.222804;2580.889722;0.01057450731;5698271.537
0;224468.28;7765.322435;2603.566244;2583.671868;2578.084323;0.01056834808;5702124.521
0;224796.45;7758.568112;2600.707869;2582.063203;2575.797039;0.01056223568;5704876.894
0;225124.62;7752.406385;2598.504193;2580.444401;2573.457791;0.01055742176;5703128.752
0;225452.79;7746.846876;2596.761852;2578.6202;2571.464825;0.01055360256;5706390.707
0;225780.96;7741.889962;2595.445657;2577.327717;2569.116588;0.01055061558;5702801.573
0;226109.13;7737.626588;2594.253795;2576.397632;2566.975162;0.01054792737;5706025.091
0;226437.3;7733.95863;2593.281694;2575.240271;2565.436666;0.0105457561;5702520.369
0;226765.47;7730.853314;2592.400688;2573.817619;2564.635007;0.01054373016;5703892.115
0;227093.64;7728.449927;2591.4499;2573.35844;2563.641586;0.01054148675;5707741.815
0;227421.81;7726.703026;2590.557238;2573.679027;2562.466761;0.01053943464;5707453.858
0;227749.98;7725.553112;2590.586383;2573.520444;2561.446286;0.01053914181;5710363.959
0;228078.15;7725.089896;2589.982347;2574.137366;2560.970183;0.0105376478;5709362.7
0;228406.32;7725.363752;2590.228224;2574.288289;2560.84724;0.01053800326;5711882.47
0;228734.49;7726.327392;2590.759081;2575.323379;2560.244932;0.01053893944;5716833.721
0;229062.66;7727.85675;2591.466421;2576.062131;2560.328197;0.01054015928;5720401.074
0;229390.83;7729.991931;2592.468808;2577.185934;2560.337189;0.01054189268;5715327.3
0;229719;7732.715111;2593.731529;2578.256142;2560.72744;0.01054411515;5720297.603
0;230047.17;7735.971476;2595.270372;2579.913246;2560.787858;0.01054693403;5724698.79
0;230375.34;7739.825945;2596.784142;2581.585589;2561.456213;0.01054983162;5720967.405
0;230703.51;7744.383519;2598.462516;2583.774456;2562.146547;0.0105530562;5727350.792
0;231031.68;7749.653449;2600.654654;2585.64025;2563.358545;0.01055733611;5724120.671
0;231359.85;7755.681327;2603.756765;2587.43357;2564.490992;0.01056344932;5716625.96
0;231688.02;7762.449994;2606.210124;2590.284554;2565.955317;0.01056825451;5725628.231
0;232016.19;7769.884879;2609.627373;2592.532125;2567.72538;0.01057496375;5718394.44
0;232344.36;7777.943155;2612.622868;2595.238672;2570.081615;0.01058091725;5723654.937
0;232672.53;7786.552194;2615.550597;2598.164671;2572.836927;0.0105867104;5720663.347
0;233000.7;7795.721975;2618.645461;2601.96676;2575.109754;0.01059280097;5721963.643
0;233328.87;7805.454806;2621.608026;2605.432164;2578.414616;0.01059862237;5719955.42
0;233657.04;7815.747045;2624.956968;2608.883813;2581.906264;0.01060523009;5719992.874
0;233985.21;7826.605283;2628.846149;2612.918142;2584.840993;0.01061292479;5721726.714
0;234313.38;7838.002065;2632.937246;2616.970701;2588.094117;0.01062102522;5722473.699
0;234641.55;7849.940231;2637.466188;2620.928351;2591.545692;0.01063004432;5726098.366
0;234969.72;7862.302723;2640.969362;2626.10871;2595.22465;0.01063696778;5732651.053
0;235297.89;7875.031668;2646.371187;2630.279793;2598.380688;0.01064766573;5728852.883
0;235626.06;7888.152129;2650.350815;2635.568125;2602.233189;0.01065552084;5733959.179
0;235954.23;7901.516816;2655.070083;2640.651865;2605.794868;0.01066482717;5736679.712
0;236282.4;7915.246351;2660.56708;2644.967825;2609.711446;0.01067574224;5738976.445
0;236610.57;7929.397195;2665.781952;2649.554205;2614.061038;0.01068607741;5739933.872
0;236938.74;7943.869696;2671.310589;2653.395094;2619.164013;0.01069709091;5731018.735
0;237266.91;7958.590846;2676.486006;2658.39302;2623.711819;0.01070733842;5740686.289
0;237595.08;7973.515541;2681.693919;2662.829266;2628.992356;0.01071766045;5741322.489
0;237923.25;7988.686781;2687.101966;2667.740516;2633.844299;0.01072842545;5736721.924
0;238251.42;8003.991612;2693.38526;2671.859919;2638.746433;0.01074091716;5740341.413
0;238579.59;8019.450713;2698.107924;2677.598023;2643.744766;0.01075030123;5727804.375
0;238907.76;8035.090409;2703.570476;2682.548178;2648.971754;0.01076114374;5734805.907
0;239235.93;8050.853058;2709.017858;2687.574604;2654.260595;0.01077195653;5728055.724
0;239564.1;8066.807206;2714.915439;2692.577909;2659.313857;0.01078366803;5730048.078
0;239892.27;8082.926516;2719.966694;2697.932545;2665.027277;0.0107936935;5731131.711
0;240220.44;8099.105708;2725.84415;2702.868545;2670.393014;0.01080534954;5736830.838
0;240548.61;8115.258535;2731.504763;2708.190032;2675.563741;0.01081657006;5735622.596
0;240876.78;8131.437228;2737.528456;2713.229705;2680.679066;0.01082850457;5731935.349
0;241204.95;8147.595941;2742.92523;2718.408321;2686.26239;0.0108392043;5741748.774
0;241533.12;8163.619623;2748.568794;2723.10386;2691.946969;0.0108503788;5744744.084
0;241861.29;8179.520045;2754.461599;2727.324738;2697.733708;0.01086206156;5743913.844
0;242189.46;8195.260177;2760.136801;2731.588071;2703.535306;0.01087329504;5739114.32
0;242517.63;8210.878804;2766.334522;2735.83679;2708.707492;0.01088557952;5737485.604
0;242845.8;8226.439516;2771.310202;2741.087693;2714.041621;0.01089544049;5735099.037
0;243173.97;8241.850191;2776.647812;2746.109382;2719.092997;0.01090597818;5739182.237
0;243502.14;8256.928674;2781.058247;2751.513181;2724.357246;0.01091471832;5743941.173
0;243830.31;8271.67209;2787.081699;2755.918161;2728.672229;0.01092655721;5735539.755
0;244158.48;8286.113432;2792.535077;2760.070479;2733.507876;0.01093737788;5737856.881
0;244486.65;8300.197536;2797.442582;2764.293136;2738.461818;0.01094709653;5744021.217
0;244814.82;8313.949886;2803.027638;2768.000486;2742.921763;0.01095817795;5744958.484
0;245142.99;8327.402074;2807.661707;2771.381582;2748.358786;0.01096737878;5732161.808
0;245471.16;8340.563898;2812.345907;2775.15536;2753.062631;0.01097669469;5739541.3
0;245799.33;8353.407766;2816.82422;2778.287738;2758.295808;0.01098559891;5726561.532
0;246127.5;8365.826733;2821.657847;2781.82746;2762.341426;0.01099519262;5736049.749
0;246455.67;8377.803004;2824.928624;2785.896287;2766.978094;0.0110017512;5725317.243
0;246783.84;8389.439425;2828.656429;2789.154356;2771.62864;0.01100913414;5721858.99
0;247112.01;8400.716324;2833.030623;2792.823363;2774.862338;0.01101777225;5714836.736
0;247440.18;8411.526581;2836.22681;2796.258908;2779.040863;0.01102416909;5722061.064
0;247768.35;8421.797334;2839.279393;2799.608811;2782.90913;0.01103021345;5720621.535
0;248096.52;8431.639379;2842.545621;2802.336671;2786.757087;0.01103666699;5702691.654
0;248424.69;8441.09462;2846.054406;2804.889405;2790.150809;0.01104355257;5716978.839
0;248752.86;8450.078076;2848.922686;2807.652681;2793.502709;0.01104921017;5706612.303
0;249081.03;8458.553645;2851.864556;2810.316914;2796.372174;0.01105498983;5706060.036
0;249409.2;8466.56249;2854.474677;2812.770425;2799.317388;0.01106013206;5706882.484
0;249737.37;8474.174489;2857.064822;2814.904069;2802.205597;0.01106522897;5704401.001
0;250065.54;8481.291943;2858.990327;2816.454652;2805.846964;0.01106899912;5714445.345
0;250393.71;8487.922439;2860.875957;2818.610494;2808.435988;0.01107268313;5703536.464
0;250721.88;8494.11344;2862.653544;2819.373346;2812.08655;0.01107615849;5709191.243
0;251050.05;8499.800275;2864.094;2821.050757;2814.655517;0.01107899009;5703310.801
0;251378.22;8505.041647;2865.762245;2822.311943;2816.967459;0.0110822389;5706271.49
0;251706.39;8509.841663;2868.047181;2823.423814;2818.370667;0.01108668427;5705866.699
0;252034.56;8514.27248;2869.152962;2824.947082;2820.172436;0.01108883219;5700699.835
0;252362.73;8518.239004;2870.588581;2825.509428;2822.140996;0.01109164779;5702073.131
0;252690.9;8521.608617;2871.703238;2826.163931;2823.741449;0.0110938555;5705946.579
0;253019.07;8524.488136;2871.626663;2826.953421;2825.908052;0.01109373818;5708701.73
0;253347.24;8526.971766;2872.629032;2827.225933;2827.116801;0.01109568538;5709775.216
0;253675.41;8529.060973;2873.311517;2827.413905;2828.335551;0.01109699458;5703218.076
0;254003.58;8530.752173;2873.234864;2828.22611;2829.291199;0.01109682704;5705332.352
0;254331.75;8532.173394;2873.408899;2828.406382;2830.358114;0.01109711365;5700427.17
0;254659.92;8533.225836;2873.619521;2828.797076;2830.809239;0.01109742606;5707277.375
0;254988.09;8533.847855;2873.723791;2829.014232;2831.109832;0.01109754606;5693374.479
0;255316.26;8534.111302;2873.626024;2829.031319;2831.453959;0.01109722456;5694453.623
0;255644.43;8534.06411;2873.637277;2828.699702;2831.727131;0.01109709424;5697743.933
0;255972.6;8533.77959;2873.139012;2828.958947;2831.681631;0.01109603363;5693347.551
0;256300.77;8533.281482;2873.167056;2828.69175;2831.422677;0.01109594772;5697056.281
0;256628.94;8532.60332;2873.040958;2828.278273;2831.284088;0.01109560745;5688061.566
0;256957.11;8531.698345;2873.23783;2827.747876;2830.712639;0.01109587469;5690376.647
0;257285.28;8530.547882;2872.684643;2827.310566;2830.552672;0.01109470126;5685247.713
0;257613.45;8529.147946;2872.222352;2826.963299;2829.962295;0.01109363784;5689340.716
0;257941.62;8527.485177;2871.535687;2826.222178;2829.727313;0.01109218277;5689022.893
0;258269.79;8525.618505;2870.263251;2826.219961;2829.135292;0.01108952;5688525.113
0;258597.96;8523.690036;2870.066821;2825.417453;2828.205762;0.01108894918;5686572.931
0;258926.13;8521.839273;2869.128269;2824.732576;2827.978429;0.01108694453;5687990.652
0;259254.3;8520.014637;2868.448476;2824.16069;2827.405472;0.01108548882;5678606.303
0;259582.47;8518.19707;2867.848262;2823.780108;2826.5687;0.01108410572;5682980.297
0;259910.64;8516.341926;2866.891069;2823.523302;2825.927555;0.01108203801;5684821.123
0;260238.81;8514.406712;2865.73213;2823.212063;2825.462519;0.01107957989;5684577.028
0;260566.98;8512.43684;2865.470292;2821.893748;2825.0728;0.01107885521;5678694.976
0;260895.15;8510.40172;2864.656374;2821.917843;2823.827503;0.01107705019;5686717.1
0;261223.32;8508.283031;2864.648156;2821.10823;2822.526645;0.01107679937;5679626.715
0;261551.49;8506.120869;2863.756975;2820.637344;2821.72655;0.01107485578;5689101.124
0;261879.66;8503.945048;2863.585079;2820.044881;2820.315087;0.01107424038;5688433.214
0;262207.83;8501.79861;2862.887483;2818.895895;2820.015232;0.01107263055;5683525.369
0;262536;8499.730389;2862.449334;2818.299853;2818.981202;0.01107154731;5688581.581
0;262864.17;8497.721788;2861.983565;2818.684616;2817.053607;0.0110703582;5687301.5
0;263192.34;8495.693423;2861.903624;2817.985169;2815.804631;0.01106984587;5685848.291
0;263520.51;8493.760532;2861.690763;2817.123669;2814.946099;0.01106905626;5687717.331
0;263848.68;8492.063495;2861.015136;2817.318975;2813.729384;0.01106739274;5682341.325
0;264176.85;8490.558201;2861.033675;2817.028338;2812.496188;0.01106707458;5677594.181
0;264505.02;8489.211605;2860.767687;2816.431862;2812.012055;0.01106612638;5678587.871
0;264833.19;8487.99509;2860.217504;2816.321395;2811.45619;0.01106462537;5681534.066
0;265161.36;8486.879455;2860.11392;2815.863068;2810.902467;0.01106403946;5686440.361
0;265489.53;8485.919229;2859.452766;2816.075672;2810.390791;0.01106241651;5672223.49
0;265817.7;8485.130147;2859.511601;2815.74645;2809.872096;0.01106212955;5683582.743
0;266145.87;8484.535704;2859.163975;2815.825868;2809.545861;0.01106102063;5676684.009
0;266474.04;8484.212376;2858.560939;2816.034096;2809.617341;0.01105940508;5673013.214
0;266802.21;8484.15369;2858.887766;2815.964119;2809.301804;0.01105948702;5674098.345
0;267130.38;8484.280764;2858.732837;2816.188764;2809.359163;0.01105868573;5666114.867
0;267458.55;8484.567236;2859.542467;2816.227712;2808.797057;0.01105976913;5672050.159
0;267786.72;8485.025529;2859.529374;2816.036442;2809.459713;0.0110592274;5665071.024
0;268114.89;8485.646159;2859.977995;2815.998639;2809.669525;0.01105957028;5666307.009
0;268443.06;8486.41824;2860.441277;2815.702515;2810.274448;0.01106001473;5672072.904
0;268771.23;8487.358632;2860.42287;2815.606448;2811.329314;0.01105940314;5662244.229
0;269099.4;8488.438723;2860.696579;2816.107121;2811.635022;0.01105944482;5668711.593
0;269427.57;8489.607582;2860.788544;2816.692382;2812.126656;0.01105907027;5663858.077
0;269755.74;8490.858891;2861.291997;2817.340819;2812.226074;0.01105945203;5665750.384
0;270083.91;8492.26292;2862.246339;2816.997282;2813.019299;0.01106081584;5661498.416
0;270412.08;8493.782195;2862.426743;2817.45239;2813.903062;0.01106051216;5665827.08
0;270740.25;8495.356018;2863.088281;2818.749724;2813.518012;0.01106118646;5661604.487
0;271068.42;8497.024517;2863.963772;2818.535982;2814.524763;0.0110624192;5660157.784
0;271396.59;8498.759701;2864.649315;2818.552604;2815.557782;0.01106322734;5657623.869
0;271724.76;8500.591044;2865.022014;2819.451812;2816.117219;0.0110634344;5651900.416
0;272052.93;8502.582008;2865.615771;2819.484951;2817.481287;0.01106412462;5654273.257
0;272381.1;8504.803611;2865.838059;2820.696997;2818.268555;0.01106412956;5656705.657
0;272709.27;8507.174298;2866.354437;2821.000685;2819.819176;0.01106472263;5651940.941
0;273037.44;8509.643927;2867.239068;2822.110718;2820.294141;0.01106590701;5657656.29
0;273365.61;8512.226922;2868.365034;2822.474382;2821.387506;0.011067615;5657761.021
0;273693.78;8514.914282;2869.759014;2822.981341;2822.173927;0.01106987503;5657962.411
0;274021.95;8517.6381;2870.821097;2823.247712;2823.569291;0.01107149406;5659730.613
0;274350.12;8520.310894;2871.830239;2823.567386;2824.913269;0.01107286124;5665339.833
0;274678.29;8522.956919;2872.842588;2824.031196;2826.083135;0.01107423408;5666817.874
0;275006.46;8525.653002;2873.383973;2824.613662;2827.655367;0.01107473517;5673990.541
0;275334.63;8528.340021;2874.779776;2824.743557;2828.816687;0.0110769637;5673243.125
0;275662.8;8530.978939;2875.191285;2825.829647;2829.958007;0.01107720059;5669875.448
0;275990.97;8533.621779;2876.893148;2825.978818;2830.749813;0.01107981302;5669670.928
0;276319.14;8536.188679;2877.170123;2826.37942;2832.639136;0.01107952805;5671438.053
0;276647.31;8538.698667;2877.764327;2826.793162;2834.141179;0.01107989471;5672204.303
0;276975.48;8541.218165;2878.43431;2827.134226;2835.649629;0.01108045034;5674168.877
0;277303.65;8543.677518;2878.899684;2828.153213;2836.624621;0.01108055014;5674654.764
0;277631.82;8546.083735;2880.091558;2828.469597;2837.52258;0.01108218771;5671857.044
0;277959.99;8548.423836;2880.96267;2829.002981;2838.458185;0.01108310809;5679212.32
0;278288.16;8550.707339;2882.280817;2829.115011;2839.311511;0.01108496507;5679333.494
0;278616.33;8552.902072;2882.301213;2829.791676;2840.809183;0.0110840849;5679089.265
0;278944.5;8554.920703;2882.661759;2830.277707;2841.981238;0.01108435134;5674659.666
0;279272.67;8556.763646;2882.971877;2830.966875;2842.824894;0.01108434265;5680132.617
0;279600.84;8558.378495;2884.138149;2831.60075;2842.639596;0.01108598823;5668697.793
0;279929.01;8559.63323;2883.750892;2832.480075;2843.402263;0.01108462873;5665108.889
0;280257.18;8560.593811;2884.55315;2831.982265;2844.058396;0.01108524714;5666101.322
0;280585.35;8561.413236;2885.387607;2832.280726;2843.744903;0.01108611544;5662653.404
0;280913.52;8562.060311;2884.991949;2831.888554;2845.179808;0.01108457623;5664433.287
0;281241.69;8562.438803;2885.094222;2831.57363;2845.770952;0.01108404343;5660145.362
0;281569.86;8562.565364;2885.014536;2831.74788;2845.802949;0.01108324855;5662639.002
0;281898.03;8562.530345;2884.708621;2831.031854;2846.789869;0.01108198269;5664085.832
0;282226.2;8562.256165;2884.471708;2830.352721;2847.431736;0.01108109163;5668648.487
0;282554.37;8561.745537;2883.400991;2831.558223;2846.786322;0.01107853548;5660898.322
0;282882.54;8561.028154;2882.455705;2831.37124;2847.20121;0.01107623432;5664216.674
0;283210.71;8560.074641;2881.879804;2831.477965;2846.716872;0.01107451214;5675329.599
0;283538.88;8558.866044;2881.212164;2831.304289;2846.349591;0.01107242875;5668601.502
0;283867.05;8557.306862;2880.586007;2830.290298;2846.430557;0.01107053759;5665450.138
0;284195.22;8555.475659;2878.958399;2830.015427;2846.501832;0.01106666536;5671535.351
0;284523.39;8553.404187;2879.046803;2828.326028;2846.031356;0.01106635435;5669771.327
0;284851.56;8551.025863;2878.513929;2827.843992;2844.667943;0.01106488085;5672396.239
0;285179.73;8548.329731;2877.177642;2826.646305;2844.505784;0.01106176811;5666729.121
0;285507.9;8545.404445;2875.900813;2825.24692;2844.256712;0.01105874721;5680803.037
0;285836.07;8542.176943;2874.570281;2824.064947;2843.541715;0.0110558037;5674218.339
0;286164.24;8538.565293;2873.968205;2822.956042;2841.641045;0.01105393802;5685977.377
0;286492.41;8534.588261;2873.12037;2821.739498;2839.728393;0.01105168357;5673709.46
0;286820.58;8530.24235;2872.231087;2820.424178;2837.587086;0.01104923101;5684269.322
0;287148.75;8525.595282;2869.550586;2819.144057;2836.900639;0.01104355323;5688100.514
0;287476.92;8520.707256;2867.05553;2818.292929;2835.358797;0.0110381733;5677012.359
0;287805.09;8515.622743;2864.895885;2817.072369;2833.654489;0.01103323754;5680417.807
0;288133.26;8510.275875;2863.149239;2815.824377;2831.302259;0.01102905875;5680926.767
0;288461.43;8504.738339;2861.335919;2814.019389;2829.383031;0.01102483845;5688018.134
0;288789.6;8499.024329;2858.36889;2812.146235;2828.509204;0.01101861797;5686062.757
0;289117.77;8493.070309;2855.906442;2810.763156;2826.400711;0.01101342949;5681045.46
0;289445.94;8486.956404;2853.101768;2809.176047;2824.678589;0.01100753827;5684962.59
0;289774.11;8480.674834;2850.389373;2806.99538;2823.290081;0.01100174846;5685142.508
0;290102.28;8474.239777;2848.232885;2805.114976;2820.891916;0.01099712022;5686749.088
0;290430.45;8467.713486;2846.12512;2803.231153;2818.357212;0.01099272867;5692887.53
0;290758.62;8461.017892;2843.778404;2801.242598;2815.99689;0.01098769128;5689773.95
0;291086.79;8454.141614;2841.439521;2799.777019;2812.925074;0.01098267823;5693258.226
0;291414.96;8447.135391;2838.977607;2798.274978;2809.882806;0.01097744047;5697069.638
0;291743.13;8440.005703;2836.554028;2796.458811;2806.992864;0.0109723341;5696557.171
0;292071.3;8432.746703;2834.133351;2794.703871;2803.90948;0.01096707956;5688195.41
0;292399.47;8425.374518;2831.684172;2792.996384;2800.693963;0.01096167674;5689023.96
0;292727.64;8417.897177;2828.595073;2791.079384;2798.22272;0.01095519342;5685046.673
0;293055.81;8410.30017;2826.636649;2787.832112;2795.831409;0.01095079331;5688656.399
0;293383.98;8402.558357;2823.721487;2786.318242;2792.518628;0.01094461407;5683280.499
0;293712.15;8394.721834;2821.203578;2784.05499;2789.463266;0.01093913852;5689995.85
0;294040.32;8386.901839;2817.938512;2781.773139;2787.190188;0.01093245402;5689231.919
0;294368.49;8379.19726;2815.377194;2779.396989;2784.423077;0.01092733106;5689061.362
0;294696.66;8371.635965;2813.130413;2776.934451;2781.571101;0.01092247923;5691939.873
0;295024.83;8364.128605;2810.486871;2775.275757;2778.365978;0.0109167488;5690953.23
0;295353;8356.704835;2807.628747;2773.250327;2775.825761;0.01091076847;5696671.878
0;295681.17;8349.448306;2805.221699;2771.445075;2772.781531;0.01090559573;5708350.662
0;296009.34;8342.279021;2802.454013;2769.532552;2770.292456;0.01089979889;5695587.923
0;296337.51;8335.192609;2799.600371;2767.130629;2768.461608;0.01089380576;5698225.799
0;296665.68;8328.181411;2797.402651;2764.95984;2765.818921;0.01088891023;5688719.72
0;296993.85;8321.260021;2794.987339;2763.075182;2763.1975;0.01088382715;5700683.607
0;297322.02;8314.497865;2793.097102;2761.136308;2760.264455;0.01087965627;5694212.359
0;297650.19;8307.896562;2790.499535;2759.039456;2758.357572;0.01087412891;5694250.981
0;297978.36;8301.518618;2788.576877;2757.297844;2755.643897;0.01086985595;5697195.046
0;298306.53;8295.379741;2786.234244;2755.625372;2753.520125;0.01086482828;5693530.656
0;298634.7;8289.39844;2783.823414;2754.685702;2750.889323;0.01085965007;5698913.203
0;298962.87;8283.612473;2782.289994;2753.038212;2748.284267;0.01085623175;5698191.485
0;299291.04;8278.05844;2780.669672;2751.552887;2745.83588;0.01085248672;5693808.756
0;299619.21;8272.739002;2778.763357;2749.825452;2744.150192;0.01084815562;5701190.458
0;299947.38;8267.70331;2776.91498;2748.75163;2742.036701;0.01084401258;5696469.756
0;300275.55;8263.047728;2775.436526;2747.801976;2739.809226;0.01084063507;5700989.241
0;300603.72;8258.743286;2773.875708;2746.617085;2738.250493;0.01083721168;5705867.365
0;300931.89;8254.725803;2772.763984;2745.785112;2736.176707;0.010834553;5696208.234
0;301260.06;8250.966232;2771.294214;2744.422836;2735.249183;0.01083110136;5705524.996
0;301588.23;8247.52025;2769.935569;2743.66507;2733.919611;0.01082819503;5703466.928
0;301916.4;8244.45213;2769.293983;2743.205057;2731.95309;0.0108266883;5708989.584
0;302244.57;8241.700298;2767.979282;2742.853677;2730.867339;0.01082363992;5704002.918
0;302572.74;8239.305558;2766.953624;2742.890086;2729.461849;0.01082121814;5708992.675
0;302900.91;8237.34521;2765.974976;2742.260133;2729.110101;0.01081887724;5700439.428
0;303229.08;8235.776967;2765.36533;2741.91336;2728.498277;0.01081731709;5708119.224
0;303557.25;8234.504538;2764.994462;2741.866612;2727.643464;0.0108160271;5711911.833
0;303885.42;8233.62585;2765.308227;2740.803437;2727.514186;0.01081635286;5709194.627
0;304213.59;8233.201769;2765.280522;2740.359879;2727.561368;0.01081583869;5715046.549
0;304541.76;8233.126014;2765.670996;2740.579158;2726.87586;0.01081614407;5710431.51
0;304869.93;8233.355012;2766.270005;2740.360489;2726.724518;0.01081703774;5717076.933
0;305198.1;8233.859794;2766.239597;2740.854579;2726.765618;0.01081652698;5710080.881
0;305526.27;8234.717159;2766.874037;2740.738294;2727.104828;0.01081736703;5713060.262
0;305854.44;8235.926877;2767.087528;2740.624166;2728.215183;0.01081735122;5713977.487
0;306182.61;8237.408393;2767.838496;2740.535481;2729.034416;0.01081835741;5709774.933
0;306510.78;8239.204432;2768.205884;2741.313327;2729.685222;0.01081864509;5708744.008
0;306838.95;8241.336007;2768.224214;2742.00822;2731.103573;0.01081820346;5714181.708
0;307167.12;8243.809006;2769.173482;2742.578068;2732.057456;0.01081971757;5710522.43
0;307495.29;8246.622161;2771.019978;2743.364547;2732.237636;0.0108229199;5717395.789
0;307823.46;8249.733803;2772.510084;2744.458351;2732.765369;0.01082539461;5710097.884
0;308151.63;8253.189968;2774.073286;2745.187697;2733.928984;0.01082817299;5716221.996
0;308479.8;8256.940303;2775.080381;2745.962265;2735.897657;0.01082980634;5714894.006
0;308807.97;8260.856076;2776.809785;2746.87487;2737.17142;0.01083281992;5719944.651
0;309136.14;8264.944417;2778.443766;2747.548527;2738.952124;0.01083551672;5726226.172
0;309464.31;8269.252171;2779.731509;2749.236773;2740.283889;0.01083744934;5718811.78
0;309792.48;8273.821536;2781.709919;2750.66643;2741.445186;0.01084071082;5714587.155
0;310120.65;8278.732083;2783.062881;2752.12218;2743.547022;0.01084295772;5705691.2
0;310448.82;8284.011265;2785.717463;2752.705879;2745.587923;0.01084785072;5708031.645
0;310776.99;8289.584146;2788.102281;2753.890266;2747.591598;0.01085208722;5704221.931
0;311105.16;8295.414319;2790.690959;2754.798969;2749.92439;0.01085678505;5706711.975
0;311433.33;8301.537349;2793.265736;2756.382316;2751.889297;0.01086133891;5703035.095
0;311761.5;8307.894005;2795.886226;2758.129134;2753.878644;0.01086590036;5705994.924
0;312089.67;8314.399357;2798.305073;2760.183894;2755.91039;0.01087021542;5710770.94
0;312417.84;8321.130893;2801.532249;2761.411758;2758.186886;0.0108759794;5696333.784
0;312746.01;8328.07006;2804.098429;2763.301564;2760.670067;0.01088054511;5699686.078
0;313074.18;8335.11404;2807.310029;2765.60401;2762.200002;0.01088634956;5694839.964
0;313402.35;8342.304583;2809.758119;2767.812229;2764.734235;0.01089069574;5700453.476
0;313730.52;8349.58285;2813.105074;2770.193561;2766.284215;0.01089662564;5697098.197
0;314058.69;8356.967004;2816.068219;2771.547573;2769.351212;0.01090195645;5697503.252
0;314386.86;8364.551832;2818.52752;2774.444767;2771.579546;0.0109064091;5690902.736
0;314715.03;8372.294551;2821.606027;2777.383306;2773.305218;0.01091198417;5699499.649
0;315043.2;8380.134614;2824.823948;2779.197017;2776.113649;0.01091777043;5699110.379
0;315371.37;8388.116362;2827.332508;2781.994137;2778.789718;0.01092233416;5694295.327
0;315699.54;8396.176713;2830.013491;2784.116023;2782.047199;0.01092724378;5704231.162
0;316027.71;8404.275662;2832.661972;2786.782219;2784.83147;0.01093207379;5702088.311
0;316355.88;8412.373477;2835.501809;2790.228051;2786.643616;0.01093727876;5707484.933
0;316684.05;8420.461693;2837.429941;2792.914614;2790.117138;0.0109407396;5698867.764
0;317012.22;8428.506444;2840.724109;2795.474466;2792.307869;0.01094673836;5708327.121
0;317340.39;8436.346949;2843.474191;2797.179947;2795.692811;0.01095170791;5713421.231
0;317668.56;8444.128283;2846.762217;2798.835881;2798.530186;0.01095776732;5708821.214
0;317996.73;8451.997792;2850.435937;2800.633351;2800.928504;0.01096463335;5707656.223
0;318324.9;8459.852994;2853.17512;2803.532671;2803.145203;0.01096967499;5713930.976
0;318653.07;8467.644384;2856.036622;2805.991653;2805.61611;0.010975003;5702074.297
0;318981.24;8475.280206;2857.874267;2808.626385;2808.779554;0.01097824014;5714062.169
0;319309.41;8482.749881;2859.724102;2810.966675;2812.059104;0.01098156749;5706908.458
0;319637.58;8490.130728;2861.666078;2813.30241;2815.16224;0.01098510602;5710996.678
0;319965.75;8497.379836;2864.080791;2815.895329;2817.403716;0.01098947796;5719943.878
0;320293.92;8504.454151;2866.549751;2817.993587;2819.910813;0.01099394491;5717946.108
0;320622.09;8511.376351;2868.48136;2820.306998;2822.587993;0.01099734871;5713148.224
0;320950.26;8518.132587;2870.574386;2822.778008;2824.780192;0.01100122759;5718059.587
0;321278.43;8524.716684;2872.525525;2825.093358;2827.097801;0.01100475045;5716165.375
0;321606.6;8531.118076;2874.659542;2826.837339;2829.621196;0.01100857809;5728387.121
0;321934.77;8537.327786;2876.463346;2828.729853;2832.134588;0.01101177574;5722801.06
0;322262.94;8543.360098;2878.79682;2830.456014;2834.107263;0.01101602424;5729928.599
0;322591.11;8549.186447;2880.55095;2832.425099;2836.210398;0.01101910637;5726243.945
0;322919.28;8554.785378;2882.549938;2834.004137;2838.231303;0.01102268686;5728086.244
0;323247.45;8560.131309;2884.504087;2835.606454;2840.020768;0.01102616528;5728418.985
0;323575.62;8565.388084;2885.943743;2837.430151;2842.01419;0.01102870234;5721486.341
0;323903.79;8570.481079;2887.424596;2839.465068;2843.591416;0.0110312741;5734860.881
0;324231.96;8575.315048;2888.729242;2841.144349;2845.441457;0.01103353796;5729460.917
0;324560.13;8579.913446;2890.348957;2842.48585;2847.078639;0.0110364113;5732997.257
0;324888.3;8584.279776;2891.446225;2844.714621;2848.11893;0.01103825485;5717233.574
0;325216.47;8588.365791;2892.63168;2846.458884;2849.275227;0.01104029762;5730306.905
0;325544.64;8592.247246;2893.695366;2847.890691;2850.661188;0.01104208624;5720413.5
0;325872.81;8596.039851;2894.570543;2849.736386;2851.732922;0.01104359855;5729448.893
0;326200.98;8599.70071;2895.31841;2851.157126;2853.225173;0.01104477256;5724060.498
0;326529.15;8603.236148;2895.696071;2852.697889;2854.842189;0.01104526088;5709949.152
0;326857.32;8606.605159;2896.624807;2854.259039;2855.721313;0.01104674704;5717873.838
0;327185.49;8609.686264;2897.651356;2854.926177;2857.108731;0.01104836928;5714874.522
0;327513.66;8612.500543;2898.887177;2856.22656;2857.386806;0.01105049541;5709998.298
0;327841.83;8615.10823;2899.185049;2856.51223;2859.410951;0.01105069901;5713869.472
0;328170;8617.482248;2900.106186;2857.187538;2860.188525;0.01105215291;5718094.891
